Index Name,Date,Open,High,Low,Close
NIFTY SME EMERGE,17-Apr-25,-,-,-,13645.91
NIFTY SME EMERGE,16-Apr-25,-,-,-,13542.43
NIFTY SME EMERGE,15-Apr-25,-,-,-,13548.09
NIFTY SME EMERGE,11-Apr-25,-,-,-,13187.89
NIFTY SME EMERGE,09-Apr-25,-,-,-,12900.27
NIFTY SME EMERGE,08-Apr-25,-,-,-,12899.2
NIFTY SME EMERGE,07-Apr-25,-,-,-,12631.99
NIFTY SME EMERGE,04-Apr-25,-,-,-,13171.18
NIFTY SME EMERGE,03-Apr-25,-,-,-,13395.22
NIFTY SME EMERGE,02-Apr-25,-,-,-,13103.43
NIFTY SME EMERGE,01-Apr-25,-,-,-,12913.6
NIFTY SME EMERGE,28-Mar-25,-,-,-,12666.01
NIFTY SME EMERGE,27-Mar-25,-,-,-,12574.19
NIFTY SME EMERGE,26-Mar-25,-,-,-,12731.58
NIFTY SME EMERGE,25-Mar-25,-,-,-,12848.13
NIFTY SME EMERGE,24-Mar-25,-,-,-,13021.72
NIFTY SME EMERGE,21-Mar-25,-,-,-,12816.43
NIFTY SME EMERGE,20-Mar-25,-,-,-,12577.45
NIFTY SME EMERGE,19-Mar-25,-,-,-,12410.32
NIFTY SME EMERGE,18-Mar-25,-,-,-,12076.52
NIFTY SME EMERGE,17-Mar-25,-,-,-,11930.1
NIFTY SME EMERGE,13-Mar-25,-,-,-,12194.48
NIFTY SME EMERGE,12-Mar-25,-,-,-,12318.06
NIFTY SME EMERGE,11-Mar-25,-,-,-,12455.69
NIFTY SME EMERGE,10-Mar-25,-,-,-,12607.85
NIFTY SME EMERGE,07-Mar-25,-,-,-,12952.24
NIFTY SME EMERGE,06-Mar-25,-,-,-,12833.02
NIFTY SME EMERGE,05-Mar-25,-,-,-,12567.01
NIFTY SME EMERGE,04-Mar-25,-,-,-,12299.11
NIFTY SME EMERGE,03-Mar-25,-,-,-,12280.51
NIFTY SME EMERGE,28-Feb-25,-,-,-,12665.56
NIFTY SME EMERGE,27-Feb-25,-,-,-,13067.22
NIFTY SME EMERGE,25-Feb-25,-,-,-,13395.06
NIFTY SME EMERGE,24-Feb-25,-,-,-,13357.65
NIFTY SME EMERGE,21-Feb-25,-,-,-,13469.01
NIFTY SME EMERGE,20-Feb-25,-,-,-,13437.6
NIFTY SME EMERGE,19-Feb-25,-,-,-,13244.71
NIFTY SME EMERGE,18-Feb-25,-,-,-,12947.14
NIFTY SME EMERGE,17-Feb-25,-,-,-,13322.42
NIFTY SME EMERGE,14-Feb-25,-,-,-,13683.35
NIFTY SME EMERGE,13-Feb-25,-,-,-,14116.29
NIFTY SME EMERGE,12-Feb-25,-,-,-,14010.92
NIFTY SME EMERGE,11-Feb-25,-,-,-,14032.19
NIFTY SME EMERGE,10-Feb-25,-,-,-,14534.56
NIFTY SME EMERGE,07-Feb-25,-,-,-,14971.23
NIFTY SME EMERGE,06-Feb-25,-,-,-,15036.64
NIFTY SME EMERGE,05-Feb-25,-,-,-,14947.49
NIFTY SME EMERGE,04-Feb-25,-,-,-,14717.54
NIFTY SME EMERGE,03-Feb-25,-,-,-,14615.16
NIFTY SME EMERGE,01-Feb-25,-,-,-,14965.29
NIFTY SME EMERGE,31-Jan-25,-,-,-,15031.78
NIFTY SME EMERGE,30-Jan-25,-,-,-,14921.06
NIFTY SME EMERGE,29-Jan-25,-,-,-,14952.16
NIFTY SME EMERGE,28-Jan-25,-,-,-,14515.19
NIFTY SME EMERGE,27-Jan-25,-,-,-,14726.41
NIFTY SME EMERGE,24-Jan-25,-,-,-,15410.37
NIFTY SME EMERGE,23-Jan-25,-,-,-,15772.33
NIFTY SME EMERGE,22-Jan-25,-,-,-,15797.43
NIFTY SME EMERGE,21-Jan-25,-,-,-,16116.48
NIFTY SME EMERGE,20-Jan-25,-,-,-,16321.43
NIFTY SME EMERGE,17-Jan-25,-,-,-,16263.62
NIFTY SME EMERGE,16-Jan-25,-,-,-,16297.82
NIFTY SME EMERGE,15-Jan-25,-,-,-,16098.9
NIFTY SME EMERGE,14-Jan-25,-,-,-,16008.28
NIFTY SME EMERGE,13-Jan-25,-,-,-,15872.67
NIFTY SME EMERGE,10-Jan-25,-,-,-,16497.21
NIFTY SME EMERGE,09-Jan-25,-,-,-,16790.08
NIFTY SME EMERGE,08-Jan-25,-,-,-,16911.91
NIFTY SME EMERGE,07-Jan-25,-,-,-,16911.98
NIFTY SME EMERGE,06-Jan-25,-,-,-,16694.53
NIFTY SME EMERGE,03-Jan-25,-,-,-,17125.48
NIFTY SME EMERGE,02-Jan-25,-,-,-,16908.26
NIFTY SME EMERGE,01-Jan-25,-,-,-,16821.94
NIFTY SME EMERGE,31-Dec-24,-,-,-,16606.35
NIFTY SME EMERGE,30-Dec-24,-,-,-,16541.99
NIFTY SME EMERGE,27-Dec-24,-,-,-,16680.17
NIFTY SME EMERGE,26-Dec-24,-,-,-,16654.92
NIFTY SME EMERGE,24-Dec-24,-,-,-,16709.28
NIFTY SME EMERGE,23-Dec-24,-,-,-,16719.16
NIFTY SME EMERGE,20-Dec-24,-,-,-,16799.24
NIFTY SME EMERGE,19-Dec-24,-,-,-,17078.96
NIFTY SME EMERGE,18-Dec-24,-,-,-,17059.77
NIFTY SME EMERGE,17-Dec-24,-,-,-,17223.66
NIFTY SME EMERGE,16-Dec-24,-,-,-,17046.24
NIFTY SME EMERGE,13-Dec-24,-,-,-,16966.61
NIFTY SME EMERGE,12-Dec-24,-,-,-,16990.15
NIFTY SME EMERGE,11-Dec-24,-,-,-,16983.96
NIFTY SME EMERGE,10-Dec-24,-,-,-,16947.6
NIFTY SME EMERGE,09-Dec-24,-,-,-,16985.68
NIFTY SME EMERGE,06-Dec-24,-,-,-,16933.6
NIFTY SME EMERGE,05-Dec-24,-,-,-,16718.98
NIFTY SME EMERGE,04-Dec-24,-,-,-,16606.1
NIFTY SME EMERGE,03-Dec-24,-,-,-,16443.2
NIFTY SME EMERGE,02-Dec-24,-,-,-,16141.78
NIFTY SME EMERGE,29-Nov-24,-,-,-,16089.22
NIFTY SME EMERGE,28-Nov-24,-,-,-,16028.83
NIFTY SME EMERGE,27-Nov-24,-,-,-,16023.18
NIFTY SME EMERGE,26-Nov-24,-,-,-,15990.13
NIFTY SME EMERGE,25-Nov-24,-,-,-,16012.34
NIFTY SME EMERGE,22-Nov-24,-,-,-,15947.56
NIFTY SME EMERGE,21-Nov-24,-,-,-,15809.15
NIFTY SME EMERGE,19-Nov-24,-,-,-,15988.12
NIFTY SME EMERGE,18-Nov-24,-,-,-,15945.76
NIFTY SME EMERGE,14-Nov-24,-,-,-,15970.29
NIFTY SME EMERGE,13-Nov-24,-,-,-,16209.49
NIFTY SME EMERGE,12-Nov-24,-,-,-,16741.15
NIFTY SME EMERGE,11-Nov-24,-,-,-,17024.49
NIFTY SME EMERGE,08-Nov-24,-,-,-,16957.47
NIFTY SME EMERGE,07-Nov-24,-,-,-,16924.3
NIFTY SME EMERGE,06-Nov-24,-,-,-,16875.25
NIFTY SME EMERGE,05-Nov-24,-,-,-,16553.63
NIFTY SME EMERGE,04-Nov-24,-,-,-,16387.25
NIFTY SME EMERGE,01-Nov-24,-,-,-,16572.43
NIFTY SME EMERGE,31-Oct-24,-,-,-,16291.81
NIFTY SME EMERGE,30-Oct-24,-,-,-,15915.7
NIFTY SME EMERGE,29-Oct-24,-,-,-,15583.46
NIFTY SME EMERGE,28-Oct-24,-,-,-,15430.15
NIFTY SME EMERGE,25-Oct-24,-,-,-,15320.36
NIFTY SME EMERGE,24-Oct-24,-,-,-,15608.02
NIFTY SME EMERGE,23-Oct-24,-,-,-,15614.05
NIFTY SME EMERGE,22-Oct-24,-,-,-,15595.97
NIFTY SME EMERGE,21-Oct-24,-,-,-,16074.69
NIFTY SME EMERGE,18-Oct-24,-,-,-,16221.4
NIFTY SME EMERGE,17-Oct-24,-,-,-,16123.39
NIFTY SME EMERGE,16-Oct-24,-,-,-,16227.67
NIFTY SME EMERGE,15-Oct-24,-,-,-,16238.58
NIFTY SME EMERGE,14-Oct-24,-,-,-,16181.64
NIFTY SME EMERGE,11-Oct-24,-,-,-,16111.36
NIFTY SME EMERGE,10-Oct-24,-,-,-,16081.98
NIFTY SME EMERGE,09-Oct-24,-,-,-,16033.86
NIFTY SME EMERGE,08-Oct-24,-,-,-,15777.23
NIFTY SME EMERGE,07-Oct-24,-,-,-,15519.73
NIFTY SME EMERGE,04-Oct-24,-,-,-,16162.52
NIFTY SME EMERGE,03-Oct-24,-,-,-,16224.4
NIFTY SME EMERGE,01-Oct-24,-,-,-,16410.51
NIFTY SME EMERGE,30-Sep-24,-,-,-,16285.7
NIFTY SME EMERGE,27-Sep-24,-,-,-,16300.25
NIFTY SME EMERGE,26-Sep-24,-,-,-,16191.3
NIFTY SME EMERGE,25-Sep-24,-,-,-,16280.38
NIFTY SME EMERGE,24-Sep-24,-,-,-,16212.75
NIFTY SME EMERGE,23-Sep-24,-,-,-,16063.92
NIFTY SME EMERGE,20-Sep-24,-,-,-,15849.39
NIFTY SME EMERGE,19-Sep-24,-,-,-,15762.7
NIFTY SME EMERGE,18-Sep-24,-,-,-,16003.22
NIFTY SME EMERGE,17-Sep-24,-,-,-,16110.57
NIFTY SME EMERGE,16-Sep-24,-,-,-,16262.12
NIFTY SME EMERGE,13-Sep-24,-,-,-,16419.47
NIFTY SME EMERGE,12-Sep-24,-,-,-,16360.13
NIFTY SME EMERGE,11-Sep-24,-,-,-,16194.98
NIFTY SME EMERGE,10-Sep-24,-,-,-,16266.78
NIFTY SME EMERGE,09-Sep-24,-,-,-,16247.25
NIFTY SME EMERGE,06-Sep-24,-,-,-,16343.64
NIFTY SME EMERGE,05-Sep-24,-,-,-,16356.1
NIFTY SME EMERGE,04-Sep-24,-,-,-,16201.02
NIFTY SME EMERGE,03-Sep-24,-,-,-,16057.21
NIFTY SME EMERGE,02-Sep-24,-,-,-,16075.34
NIFTY SME EMERGE,30-Aug-24,-,-,-,15960.82
NIFTY SME EMERGE,29-Aug-24,-,-,-,15768.76
NIFTY SME EMERGE,28-Aug-24,-,-,-,15966.25
NIFTY SME EMERGE,27-Aug-24,-,-,-,16067.03
NIFTY SME EMERGE,26-Aug-24,-,-,-,15918.78
NIFTY SME EMERGE,23-Aug-24,-,-,-,15881.28
NIFTY SME EMERGE,22-Aug-24,-,-,-,15769.62
NIFTY SME EMERGE,21-Aug-24,-,-,-,15527.35
NIFTY SME EMERGE,20-Aug-24,-,-,-,15382.22
NIFTY SME EMERGE,19-Aug-24,-,-,-,15294.36
NIFTY SME EMERGE,16-Aug-24,-,-,-,15106.83
NIFTY SME EMERGE,14-Aug-24,-,-,-,14960.51
NIFTY SME EMERGE,13-Aug-24,-,-,-,14985.64
NIFTY SME EMERGE,12-Aug-24,-,-,-,15087.01
NIFTY SME EMERGE,09-Aug-24,-,-,-,14941.39
NIFTY SME EMERGE,08-Aug-24,-,-,-,14749.54
NIFTY SME EMERGE,07-Aug-24,-,-,-,14655.01
NIFTY SME EMERGE,06-Aug-24,-,-,-,14372.52
NIFTY SME EMERGE,05-Aug-24,-,-,-,14430.32
NIFTY SME EMERGE,02-Aug-24,-,-,-,14777.84
NIFTY SME EMERGE,01-Aug-24,-,-,-,14756.66
NIFTY SME EMERGE,31-Jul-24,-,-,-,14986.98
NIFTY SME EMERGE,30-Jul-24,-,-,-,15093.69
NIFTY SME EMERGE,29-Jul-24,-,-,-,15099.33
NIFTY SME EMERGE,26-Jul-24,-,-,-,15079.62
NIFTY SME EMERGE,25-Jul-24,-,-,-,14924.58
NIFTY SME EMERGE,24-Jul-24,-,-,-,14789.72
NIFTY SME EMERGE,23-Jul-24,-,-,-,14526.55
NIFTY SME EMERGE,22-Jul-24,-,-,-,14466.84
NIFTY SME EMERGE,19-Jul-24,-,-,-,14408.35
NIFTY SME EMERGE,18-Jul-24,-,-,-,14693.38
NIFTY SME EMERGE,16-Jul-24,-,-,-,14944.53
NIFTY SME EMERGE,15-Jul-24,-,-,-,14970.12
NIFTY SME EMERGE,12-Jul-24,-,-,-,14881.91
NIFTY SME EMERGE,11-Jul-24,-,-,-,14989.7
NIFTY SME EMERGE,10-Jul-24,-,-,-,14858.56
NIFTY SME EMERGE,09-Jul-24,-,-,-,15090.69
NIFTY SME EMERGE,08-Jul-24,-,-,-,15267.4
NIFTY SME EMERGE,05-Jul-24,-,-,-,15501.27
NIFTY SME EMERGE,04-Jul-24,-,-,-,15416.12
NIFTY SME EMERGE,03-Jul-24,-,-,-,15260.05
NIFTY SME EMERGE,02-Jul-24,-,-,-,14759.79
NIFTY SME EMERGE,01-Jul-24,-,-,-,14525.51
NIFTY SME EMERGE,28-Jun-24,-,-,-,14295.93
NIFTY SME EMERGE,27-Jun-24,-,-,-,14240.55
NIFTY SME EMERGE,26-Jun-24,-,-,-,14393.58
NIFTY SME EMERGE,25-Jun-24,-,-,-,14460.51
NIFTY SME EMERGE,24-Jun-24,-,-,-,14315.89
NIFTY SME EMERGE,21-Jun-24,-,-,-,14122.57
NIFTY SME EMERGE,20-Jun-24,-,-,-,14153.9
NIFTY SME EMERGE,19-Jun-24,-,-,-,13974.28
NIFTY SME EMERGE,18-Jun-24,-,-,-,13983.41
NIFTY SME EMERGE,14-Jun-24,-,-,-,14002.29
NIFTY SME EMERGE,13-Jun-24,-,-,-,13960.53
NIFTY SME EMERGE,12-Jun-24,-,-,-,13760.24
NIFTY SME EMERGE,11-Jun-24,-,-,-,13581.79
NIFTY SME EMERGE,10-Jun-24,-,-,-,13351.46
NIFTY SME EMERGE,07-Jun-24,-,-,-,13121.4
NIFTY SME EMERGE,06-Jun-24,-,-,-,12821.64
NIFTY SME EMERGE,05-Jun-24,-,-,-,12594.32
NIFTY SME EMERGE,04-Jun-24,-,-,-,12347.18
NIFTY SME EMERGE,03-Jun-24,-,-,-,13001.6
NIFTY SME EMERGE,31-May-24,-,-,-,12855.38
NIFTY SME EMERGE,30-May-24,-,-,-,12945.69
NIFTY SME EMERGE,29-May-24,-,-,-,12983.67
NIFTY SME EMERGE,28-May-24,-,-,-,12936.28
NIFTY SME EMERGE,27-May-24,-,-,-,13185.53
NIFTY SME EMERGE,24-May-24,-,-,-,13292.03
NIFTY SME EMERGE,23-May-24,-,-,-,13390.44
NIFTY SME EMERGE,22-May-24,-,-,-,13494.47
NIFTY SME EMERGE,21-May-24,-,-,-,13455.43
NIFTY SME EMERGE,18-May-24,-,-,-,13378.31
NIFTY SME EMERGE,17-May-24,-,-,-,13245.21
NIFTY SME EMERGE,16-May-24,-,-,-,13201.98
NIFTY SME EMERGE,15-May-24,-,-,-,13130.62
NIFTY SME EMERGE,14-May-24,-,-,-,13024.88
NIFTY SME EMERGE,13-May-24,-,-,-,12940.12
NIFTY SME EMERGE,10-May-24,-,-,-,12948.54
NIFTY SME EMERGE,09-May-24,-,-,-,12919.41
NIFTY SME EMERGE,08-May-24,-,-,-,13067.4
NIFTY SME EMERGE,07-May-24,-,-,-,12951.89
NIFTY SME EMERGE,06-May-24,-,-,-,13037.04
NIFTY SME EMERGE,03-May-24,-,-,-,13093.72
NIFTY SME EMERGE,02-May-24,-,-,-,12912.33
NIFTY SME EMERGE,30-Apr-24,-,-,-,12818.2
NIFTY SME EMERGE,29-Apr-24,-,-,-,12760.85
NIFTY SME EMERGE,26-Apr-24,-,-,-,12642.48
NIFTY SME EMERGE,25-Apr-24,-,-,-,12537.11
NIFTY SME EMERGE,24-Apr-24,-,-,-,12463.91
NIFTY SME EMERGE,23-Apr-24,-,-,-,12347.29
NIFTY SME EMERGE,22-Apr-24,-,-,-,12299.53
NIFTY SME EMERGE,19-Apr-24,-,-,-,12126.01
NIFTY SME EMERGE,18-Apr-24,-,-,-,12063.9
NIFTY SME EMERGE,16-Apr-24,-,-,-,11903.82
NIFTY SME EMERGE,15-Apr-24,-,-,-,11773.22
NIFTY SME EMERGE,12-Apr-24,-,-,-,11903.04
NIFTY SME EMERGE,10-Apr-24,-,-,-,11897.56
NIFTY SME EMERGE,09-Apr-24,-,-,-,11829.54
NIFTY SME EMERGE,08-Apr-24,-,-,-,11825.15
NIFTY SME EMERGE,05-Apr-24,-,-,-,11739.59
NIFTY SME EMERGE,04-Apr-24,-,-,-,11733.98
NIFTY SME EMERGE,03-Apr-24,-,-,-,11705.8
NIFTY SME EMERGE,02-Apr-24,-,-,-,11597.06
NIFTY SME EMERGE,01-Apr-24,-,-,-,11412.17
NIFTY SME EMERGE,28-Mar-24,-,-,-,11041.17
NIFTY SME EMERGE,27-Mar-24,-,-,-,10953.89
NIFTY SME EMERGE,26-Mar-24,-,-,-,11045.58
NIFTY SME EMERGE,22-Mar-24,-,-,-,11222.75
NIFTY SME EMERGE,21-Mar-24,-,-,-,11148.88
NIFTY SME EMERGE,20-Mar-24,-,-,-,10935.68
NIFTY SME EMERGE,19-Mar-24,-,-,-,10874.62
NIFTY SME EMERGE,18-Mar-24,-,-,-,10946.86
NIFTY SME EMERGE,15-Mar-24,-,-,-,10750.58
NIFTY SME EMERGE,14-Mar-24,-,-,-,10698.91
NIFTY SME EMERGE,13-Mar-24,-,-,-,10327.31
NIFTY SME EMERGE,12-Mar-24,-,-,-,10910.93
NIFTY SME EMERGE,11-Mar-24,-,-,-,11483.18
NIFTY SME EMERGE,07-Mar-24,-,-,-,11904.99
NIFTY SME EMERGE,06-Mar-24,-,-,-,11698.92
NIFTY SME EMERGE,05-Mar-24,-,-,-,11995.03
NIFTY SME EMERGE,04-Mar-24,-,-,-,12292.96
NIFTY SME EMERGE,02-Mar-24,-,-,-,12364.94
NIFTY SME EMERGE,01-Mar-24,-,-,-,12350.87
NIFTY SME EMERGE,29-Feb-24,-,-,-,12355.49
NIFTY SME EMERGE,28-Feb-24,-,-,-,12375.99
NIFTY SME EMERGE,27-Feb-24,-,-,-,12653.98
NIFTY SME EMERGE,26-Feb-24,-,-,-,12703.76
NIFTY SME EMERGE,23-Feb-24,-,-,-,12674.81
NIFTY SME EMERGE,22-Feb-24,-,-,-,12575.82
NIFTY SME EMERGE,21-Feb-24,-,-,-,12582.48
NIFTY SME EMERGE,20-Feb-24,-,-,-,12677
NIFTY SME EMERGE,19-Feb-24,-,-,-,12672.13
NIFTY SME EMERGE,16-Feb-24,-,-,-,12623.86
NIFTY SME EMERGE,15-Feb-24,-,-,-,12538.38
NIFTY SME EMERGE,14-Feb-24,-,-,-,12391.29
NIFTY SME EMERGE,13-Feb-24,-,-,-,12238.45
NIFTY SME EMERGE,12-Feb-24,-,-,-,12276.82
NIFTY SME EMERGE,09-Feb-24,-,-,-,12493.67
NIFTY SME EMERGE,08-Feb-24,-,-,-,12518.67
NIFTY SME EMERGE,07-Feb-24,-,-,-,12463.62
NIFTY SME EMERGE,06-Feb-24,-,-,-,12282.46
NIFTY SME EMERGE,05-Feb-24,-,-,-,12165.59
NIFTY SME EMERGE,02-Feb-24,-,-,-,12174
NIFTY SME EMERGE,01-Feb-24,-,-,-,12170.41
NIFTY SME EMERGE,31-Jan-24,-,-,-,12161.95
NIFTY SME EMERGE,30-Jan-24,-,-,-,12070.4
NIFTY SME EMERGE,29-Jan-24,-,-,-,12061.42
NIFTY SME EMERGE,25-Jan-24,-,-,-,11997.69
NIFTY SME EMERGE,24-Jan-24,-,-,-,11879.57
NIFTY SME EMERGE,23-Jan-24,-,-,-,11808.48
NIFTY SME EMERGE,20-Jan-24,-,-,-,11998.29
NIFTY SME EMERGE,19-Jan-24,-,-,-,11931.85
NIFTY SME EMERGE,18-Jan-24,-,-,-,11712.08
NIFTY SME EMERGE,17-Jan-24,-,-,-,11592.09
NIFTY SME EMERGE,16-Jan-24,-,-,-,11681.71
NIFTY SME EMERGE,15-Jan-24,-,-,-,11839.97
NIFTY SME EMERGE,12-Jan-24,-,-,-,11800.66
NIFTY SME EMERGE,11-Jan-24,-,-,-,11803.06
NIFTY SME EMERGE,10-Jan-24,-,-,-,11668.5
NIFTY SME EMERGE,09-Jan-24,-,-,-,11516.08
NIFTY SME EMERGE,08-Jan-24,-,-,-,11356.9
NIFTY SME EMERGE,05-Jan-24,-,-,-,11313.47
NIFTY SME EMERGE,04-Jan-24,-,-,-,11184.53
NIFTY SME EMERGE,03-Jan-24,-,-,-,11002.6
NIFTY SME EMERGE,02-Jan-24,-,-,-,10896.64
NIFTY SME EMERGE,01-Jan-24,-,-,-,10854.4
NIFTY SME EMERGE,29-Dec-23,-,-,-,10786.23
NIFTY SME EMERGE,28-Dec-23,-,-,-,10801.62
NIFTY SME EMERGE,27-Dec-23,-,-,-,10754.35
NIFTY SME EMERGE,26-Dec-23,-,-,-,10727.05
NIFTY SME EMERGE,22-Dec-23,-,-,-,10636.36
NIFTY SME EMERGE,21-Dec-23,-,-,-,10539.8
NIFTY SME EMERGE,20-Dec-23,-,-,-,10417.7
NIFTY SME EMERGE,19-Dec-23,-,-,-,10699.91
NIFTY SME EMERGE,18-Dec-23,-,-,-,10701.02
NIFTY SME EMERGE,15-Dec-23,-,-,-,10713.58
NIFTY SME EMERGE,14-Dec-23,-,-,-,10689.98
NIFTY SME EMERGE,13-Dec-23,-,-,-,10686.16
NIFTY SME EMERGE,12-Dec-23,-,-,-,10638.61
NIFTY SME EMERGE,11-Dec-23,-,-,-,10665.5
NIFTY SME EMERGE,08-Dec-23,-,-,-,10604.41
NIFTY SME EMERGE,07-Dec-23,-,-,-,10602.11
NIFTY SME EMERGE,06-Dec-23,-,-,-,10518.27
NIFTY SME EMERGE,05-Dec-23,-,-,-,10544.38
NIFTY SME EMERGE,04-Dec-23,-,-,-,10545.66
NIFTY SME EMERGE,01-Dec-23,-,-,-,10506.08
NIFTY SME EMERGE,30-Nov-23,-,-,-,10428.49
NIFTY SME EMERGE,29-Nov-23,-,-,-,10456.1
NIFTY SME EMERGE,28-Nov-23,-,-,-,10397.69
NIFTY SME EMERGE,24-Nov-23,-,-,-,10448.61
NIFTY SME EMERGE,23-Nov-23,-,-,-,10446.61
NIFTY SME EMERGE,22-Nov-23,-,-,-,10402.11
NIFTY SME EMERGE,21-Nov-23,-,-,-,10372.62
NIFTY SME EMERGE,20-Nov-23,-,-,-,10312.71
NIFTY SME EMERGE,17-Nov-23,-,-,-,10295.97
NIFTY SME EMERGE,16-Nov-23,-,-,-,10288.89
NIFTY SME EMERGE,15-Nov-23,-,-,-,10322.02
NIFTY SME EMERGE,13-Nov-23,-,-,-,10243.59
NIFTY SME EMERGE,12-Nov-23,-,-,-,10229.39
NIFTY SME EMERGE,10-Nov-23,-,-,-,10147.49
NIFTY SME EMERGE,09-Nov-23,-,-,-,10167.16
NIFTY SME EMERGE,08-Nov-23,-,-,-,10152.67
NIFTY SME EMERGE,07-Nov-23,-,-,-,10143.57
NIFTY SME EMERGE,06-Nov-23,-,-,-,10206.77
NIFTY SME EMERGE,03-Nov-23,-,-,-,10233.22
NIFTY SME EMERGE,02-Nov-23,-,-,-,10215.17
NIFTY SME EMERGE,01-Nov-23,-,-,-,10117.63
NIFTY SME EMERGE,31-Oct-23,-,-,-,10119.44
NIFTY SME EMERGE,30-Oct-23,-,-,-,9978.31
NIFTY SME EMERGE,27-Oct-23,-,-,-,9755.8
NIFTY SME EMERGE,26-Oct-23,-,-,-,9561.86
NIFTY SME EMERGE,25-Oct-23,-,-,-,9580.59
NIFTY SME EMERGE,23-Oct-23,-,-,-,9617.95
NIFTY SME EMERGE,20-Oct-23,-,-,-,9829.54
NIFTY SME EMERGE,19-Oct-23,-,-,-,9842.16
NIFTY SME EMERGE,18-Oct-23,-,-,-,9851.67
NIFTY SME EMERGE,17-Oct-23,-,-,-,9913.19
NIFTY SME EMERGE,16-Oct-23,-,-,-,9887.85
NIFTY SME EMERGE,13-Oct-23,-,-,-,9839.13
NIFTY SME EMERGE,12-Oct-23,-,-,-,9830.21
NIFTY SME EMERGE,11-Oct-23,-,-,-,9781.56
NIFTY SME EMERGE,10-Oct-23,-,-,-,9644.28
NIFTY SME EMERGE,09-Oct-23,-,-,-,9466.03
NIFTY SME EMERGE,06-Oct-23,-,-,-,9426.81
NIFTY SME EMERGE,05-Oct-23,-,-,-,9319.82
NIFTY SME EMERGE,04-Oct-23,-,-,-,9210.31
NIFTY SME EMERGE,03-Oct-23,-,-,-,9253.21
NIFTY SME EMERGE,29-Sep-23,-,-,-,9251.2
NIFTY SME EMERGE,28-Sep-23,-,-,-,9136.65
NIFTY SME EMERGE,27-Sep-23,-,-,-,9176.54
NIFTY SME EMERGE,26-Sep-23,-,-,-,9236.81
NIFTY SME EMERGE,25-Sep-23,-,-,-,9356.83
NIFTY SME EMERGE,22-Sep-23,-,-,-,9431.04
NIFTY SME EMERGE,21-Sep-23,-,-,-,9390.97
NIFTY SME EMERGE,20-Sep-23,-,-,-,9396.84
NIFTY SME EMERGE,18-Sep-23,-,-,-,9447.06
NIFTY SME EMERGE,15-Sep-23,-,-,-,9428.14
NIFTY SME EMERGE,14-Sep-23,-,-,-,9365.59
NIFTY SME EMERGE,13-Sep-23,-,-,-,9304.08
NIFTY SME EMERGE,12-Sep-23,-,-,-,9211.11
NIFTY SME EMERGE,11-Sep-23,-,-,-,9492.4
NIFTY SME EMERGE,08-Sep-23,-,-,-,9561.24
NIFTY SME EMERGE,07-Sep-23,-,-,-,9544.97
NIFTY SME EMERGE,06-Sep-23,-,-,-,9543.04
NIFTY SME EMERGE,05-Sep-23,-,-,-,9562.67
NIFTY SME EMERGE,04-Sep-23,-,-,-,9526.47
NIFTY SME EMERGE,01-Sep-23,-,-,-,9462.6
NIFTY SME EMERGE,31-Aug-23,-,-,-,9459.08
NIFTY SME EMERGE,30-Aug-23,-,-,-,9396.37
NIFTY SME EMERGE,29-Aug-23,-,-,-,9361.41
NIFTY SME EMERGE,28-Aug-23,-,-,-,9335.45
NIFTY SME EMERGE,25-Aug-23,-,-,-,9317.85
NIFTY SME EMERGE,24-Aug-23,-,-,-,9320.44
NIFTY SME EMERGE,23-Aug-23,-,-,-,9206.41
NIFTY SME EMERGE,22-Aug-23,-,-,-,9119.19
NIFTY SME EMERGE,21-Aug-23,-,-,-,9009.8
NIFTY SME EMERGE,18-Aug-23,-,-,-,9002.69
NIFTY SME EMERGE,17-Aug-23,-,-,-,8953.92
NIFTY SME EMERGE,16-Aug-23,-,-,-,8872.24
NIFTY SME EMERGE,14-Aug-23,-,-,-,8731.35
NIFTY SME EMERGE,11-Aug-23,-,-,-,8638.33
NIFTY SME EMERGE,10-Aug-23,-,-,-,8612.1
NIFTY SME EMERGE,09-Aug-23,-,-,-,8614.07
NIFTY SME EMERGE,08-Aug-23,-,-,-,8573.56
NIFTY SME EMERGE,07-Aug-23,-,-,-,8572.63
NIFTY SME EMERGE,04-Aug-23,-,-,-,8538.53
NIFTY SME EMERGE,03-Aug-23,-,-,-,8478.38
NIFTY SME EMERGE,02-Aug-23,-,-,-,8336.19
NIFTY SME EMERGE,01-Aug-23,-,-,-,8215.01
NIFTY SME EMERGE,31-Jul-23,-,-,-,8194.42
NIFTY SME EMERGE,28-Jul-23,-,-,-,8098.25
NIFTY SME EMERGE,27-Jul-23,-,-,-,7985.24
NIFTY SME EMERGE,26-Jul-23,-,-,-,7993.22
NIFTY SME EMERGE,25-Jul-23,-,-,-,7919.55
NIFTY SME EMERGE,24-Jul-23,-,-,-,7881.58
NIFTY SME EMERGE,21-Jul-23,-,-,-,7803.79
NIFTY SME EMERGE,20-Jul-23,-,-,-,7792.17
NIFTY SME EMERGE,19-Jul-23,-,-,-,7770.36
NIFTY SME EMERGE,18-Jul-23,-,-,-,7780.75
NIFTY SME EMERGE,17-Jul-23,-,-,-,7821.87
NIFTY SME EMERGE,14-Jul-23,-,-,-,7795.46
NIFTY SME EMERGE,13-Jul-23,-,-,-,7772.15
NIFTY SME EMERGE,12-Jul-23,-,-,-,7854.43
NIFTY SME EMERGE,11-Jul-23,-,-,-,7810.61
NIFTY SME EMERGE,10-Jul-23,-,-,-,7840.48
NIFTY SME EMERGE,07-Jul-23,-,-,-,7844.46
NIFTY SME EMERGE,06-Jul-23,-,-,-,7847.5
NIFTY SME EMERGE,05-Jul-23,-,-,-,7780.93
NIFTY SME EMERGE,04-Jul-23,-,-,-,7714.46
NIFTY SME EMERGE,03-Jul-23,-,-,-,7646.61
NIFTY SME EMERGE,30-Jun-23,-,-,-,7570.15
NIFTY SME EMERGE,28-Jun-23,-,-,-,7470.91
NIFTY SME EMERGE,27-Jun-23,-,-,-,7450.96
NIFTY SME EMERGE,26-Jun-23,-,-,-,7463.77
NIFTY SME EMERGE,23-Jun-23,-,-,-,7445.69
NIFTY SME EMERGE,22-Jun-23,-,-,-,7453.12
NIFTY SME EMERGE,21-Jun-23,-,-,-,7455.2
NIFTY SME EMERGE,20-Jun-23,-,-,-,7335.95
NIFTY SME EMERGE,19-Jun-23,-,-,-,7198.33
NIFTY SME EMERGE,16-Jun-23,-,-,-,7194.86
NIFTY SME EMERGE,15-Jun-23,-,-,-,7194.85
NIFTY SME EMERGE,14-Jun-23,-,-,-,7222.6
NIFTY SME EMERGE,13-Jun-23,-,-,-,7195.78
NIFTY SME EMERGE,12-Jun-23,-,-,-,7156.12
NIFTY SME EMERGE,09-Jun-23,-,-,-,7104.34
NIFTY SME EMERGE,08-Jun-23,-,-,-,7078.79
NIFTY SME EMERGE,07-Jun-23,-,-,-,7092.5
NIFTY SME EMERGE,06-Jun-23,-,-,-,7101.95
NIFTY SME EMERGE,05-Jun-23,-,-,-,7117.8
NIFTY SME EMERGE,02-Jun-23,-,-,-,7123.07
NIFTY SME EMERGE,01-Jun-23,-,-,-,7078.33
NIFTY SME EMERGE,31-May-23,-,-,-,7113.19
NIFTY SME EMERGE,30-May-23,-,-,-,7025.62
NIFTY SME EMERGE,29-May-23,-,-,-,7049.31
NIFTY SME EMERGE,26-May-23,-,-,-,7107.18
NIFTY SME EMERGE,25-May-23,-,-,-,7145.17
NIFTY SME EMERGE,24-May-23,-,-,-,7100.58
NIFTY SME EMERGE,23-May-23,-,-,-,7101.65
NIFTY SME EMERGE,22-May-23,-,-,-,7132.93
NIFTY SME EMERGE,19-May-23,-,-,-,7091.43
NIFTY SME EMERGE,18-May-23,-,-,-,7091.64
NIFTY SME EMERGE,17-May-23,-,-,-,7105.15
NIFTY SME EMERGE,16-May-23,-,-,-,7094.88
NIFTY SME EMERGE,15-May-23,-,-,-,7025.81
NIFTY SME EMERGE,12-May-23,-,-,-,7013.54
NIFTY SME EMERGE,11-May-23,-,-,-,6987.81
NIFTY SME EMERGE,10-May-23,-,-,-,6935.96
NIFTY SME EMERGE,09-May-23,-,-,-,6948.14
NIFTY SME EMERGE,08-May-23,-,-,-,6932.74
NIFTY SME EMERGE,05-May-23,-,-,-,6935.37
NIFTY SME EMERGE,04-May-23,-,-,-,6929.29
NIFTY SME EMERGE,03-May-23,-,-,-,6909.39
NIFTY SME EMERGE,02-May-23,-,-,-,6888.42
NIFTY SME EMERGE,28-Apr-23,-,-,-,6861.3
NIFTY SME EMERGE,27-Apr-23,-,-,-,6848.84
NIFTY SME EMERGE,26-Apr-23,-,-,-,6828.82
NIFTY SME EMERGE,25-Apr-23,-,-,-,6831.61
NIFTY SME EMERGE,24-Apr-23,-,-,-,6826.98
NIFTY SME EMERGE,21-Apr-23,-,-,-,6805.73
NIFTY SME EMERGE,20-Apr-23,-,-,-,6733.36
NIFTY SME EMERGE,19-Apr-23,-,-,-,6732.76
NIFTY SME EMERGE,18-Apr-23,-,-,-,6715.7
NIFTY SME EMERGE,17-Apr-23,-,-,-,6628.07
NIFTY SME EMERGE,13-Apr-23,-,-,-,6583.89
NIFTY SME EMERGE,12-Apr-23,-,-,-,6532.04
NIFTY SME EMERGE,11-Apr-23,-,-,-,6476.23
NIFTY SME EMERGE,10-Apr-23,-,-,-,6483.58
NIFTY SME EMERGE,06-Apr-23,-,-,-,6517.54
NIFTY SME EMERGE,05-Apr-23,-,-,-,6399.78
NIFTY SME EMERGE,03-Apr-23,-,-,-,6281.49
NIFTY SME EMERGE,31-Mar-23,-,-,-,6163.13
NIFTY SME EMERGE,29-Mar-23,-,-,-,6093.11
NIFTY SME EMERGE,28-Mar-23,-,-,-,6063.88
NIFTY SME EMERGE,27-Mar-23,-,-,-,6131.07
NIFTY SME EMERGE,24-Mar-23,-,-,-,6181.38
NIFTY SME EMERGE,23-Mar-23,-,-,-,6236.42
NIFTY SME EMERGE,22-Mar-23,-,-,-,6267.81
NIFTY SME EMERGE,21-Mar-23,-,-,-,6268.45
NIFTY SME EMERGE,20-Mar-23,-,-,-,6183.39
NIFTY SME EMERGE,17-Mar-23,-,-,-,6159.74
NIFTY SME EMERGE,16-Mar-23,-,-,-,6136.05
NIFTY SME EMERGE,15-Mar-23,-,-,-,6134.09
NIFTY SME EMERGE,14-Mar-23,-,-,-,6193.52
NIFTY SME EMERGE,13-Mar-23,-,-,-,6261.79
NIFTY SME EMERGE,10-Mar-23,-,-,-,6358.56
NIFTY SME EMERGE,09-Mar-23,-,-,-,6404.15
NIFTY SME EMERGE,08-Mar-23,-,-,-,6448.24
NIFTY SME EMERGE,06-Mar-23,-,-,-,6435.82
NIFTY SME EMERGE,03-Mar-23,-,-,-,6417.55
NIFTY SME EMERGE,02-Mar-23,-,-,-,6425.57
NIFTY SME EMERGE,01-Mar-23,-,-,-,6430.86
NIFTY SME EMERGE,28-Feb-23,-,-,-,6382.34
NIFTY SME EMERGE,27-Feb-23,-,-,-,6425.01
NIFTY SME EMERGE,24-Feb-23,-,-,-,6483.44
NIFTY SME EMERGE,23-Feb-23,-,-,-,6519.77
NIFTY SME EMERGE,22-Feb-23,-,-,-,6563.26
NIFTY SME EMERGE,21-Feb-23,-,-,-,6640.61
NIFTY SME EMERGE,20-Feb-23,-,-,-,6633.17
NIFTY SME EMERGE,17-Feb-23,-,-,-,6643.81
NIFTY SME EMERGE,16-Feb-23,-,-,-,6667.79
NIFTY SME EMERGE,15-Feb-23,-,-,-,6715.89
NIFTY SME EMERGE,14-Feb-23,-,-,-,6756.55
NIFTY SME EMERGE,13-Feb-23,-,-,-,6863.37
NIFTY SME EMERGE,10-Feb-23,-,-,-,6926.9
NIFTY SME EMERGE,09-Feb-23,-,-,-,6925.13
NIFTY SME EMERGE,08-Feb-23,-,-,-,6913.43
NIFTY SME EMERGE,07-Feb-23,-,-,-,6873.36
NIFTY SME EMERGE,06-Feb-23,-,-,-,6856.37
NIFTY SME EMERGE,03-Feb-23,-,-,-,6929.83
NIFTY SME EMERGE,02-Feb-23,-,-,-,6966.01
NIFTY SME EMERGE,01-Feb-23,-,-,-,6898.87
NIFTY SME EMERGE,31-Jan-23,-,-,-,6978.61
NIFTY SME EMERGE,30-Jan-23,-,-,-,6936.4
NIFTY SME EMERGE,27-Jan-23,-,-,-,6978.49
NIFTY SME EMERGE,25-Jan-23,-,-,-,7075.57
NIFTY SME EMERGE,24-Jan-23,-,-,-,7086.26
NIFTY SME EMERGE,23-Jan-23,-,-,-,7083.2
NIFTY SME EMERGE,20-Jan-23,-,-,-,7058.81
NIFTY SME EMERGE,19-Jan-23,-,-,-,7028.98
NIFTY SME EMERGE,18-Jan-23,-,-,-,7051.14
NIFTY SME EMERGE,17-Jan-23,-,-,-,7086.67
NIFTY SME EMERGE,16-Jan-23,-,-,-,7102.17
NIFTY SME EMERGE,13-Jan-23,-,-,-,7126.38
NIFTY SME EMERGE,12-Jan-23,-,-,-,6978.71
NIFTY SME EMERGE,11-Jan-23,-,-,-,6928.38
NIFTY SME EMERGE,10-Jan-23,-,-,-,6807.28
NIFTY SME EMERGE,09-Jan-23,-,-,-,6745.75
NIFTY SME EMERGE,06-Jan-23,-,-,-,6692.85
NIFTY SME EMERGE,05-Jan-23,-,-,-,6672.52
NIFTY SME EMERGE,04-Jan-23,-,-,-,6634.48
NIFTY SME EMERGE,03-Jan-23,-,-,-,6613.49
NIFTY SME EMERGE,02-Jan-23,-,-,-,6539.11
NIFTY SME EMERGE,30-Dec-22,-,-,-,6529.07
NIFTY SME EMERGE,29-Dec-22,-,-,-,6451.69
NIFTY SME EMERGE,28-Dec-22,-,-,-,6489.97
NIFTY SME EMERGE,27-Dec-22,-,-,-,6429.5
NIFTY SME EMERGE,26-Dec-22,-,-,-,6339.48
NIFTY SME EMERGE,23-Dec-22,-,-,-,6185.54
NIFTY SME EMERGE,22-Dec-22,-,-,-,6409.15
NIFTY SME EMERGE,21-Dec-22,-,-,-,6497.52
NIFTY SME EMERGE,20-Dec-22,-,-,-,6600
NIFTY SME EMERGE,19-Dec-22,-,-,-,6645.99
NIFTY SME EMERGE,16-Dec-22,-,-,-,6609.78
NIFTY SME EMERGE,15-Dec-22,-,-,-,6591.43
NIFTY SME EMERGE,14-Dec-22,-,-,-,6593.56
NIFTY SME EMERGE,13-Dec-22,-,-,-,6615.09
NIFTY SME EMERGE,12-Dec-22,-,-,-,6573.15
NIFTY SME EMERGE,09-Dec-22,-,-,-,6538.32
NIFTY SME EMERGE,08-Dec-22,-,-,-,6533.85
NIFTY SME EMERGE,07-Dec-22,-,-,-,6553.85
NIFTY SME EMERGE,06-Dec-22,-,-,-,6606.31
NIFTY SME EMERGE,05-Dec-22,-,-,-,6609.99
NIFTY SME EMERGE,02-Dec-22,-,-,-,6569.94
NIFTY SME EMERGE,01-Dec-22,-,-,-,6567.07
NIFTY SME EMERGE,30-Nov-22,-,-,-,6542.41
NIFTY SME EMERGE,29-Nov-22,-,-,-,6499.09
NIFTY SME EMERGE,28-Nov-22,-,-,-,6511.27
NIFTY SME EMERGE,25-Nov-22,-,-,-,6514.32
NIFTY SME EMERGE,24-Nov-22,-,-,-,6453.73
NIFTY SME EMERGE,23-Nov-22,-,-,-,6424.76
NIFTY SME EMERGE,22-Nov-22,-,-,-,6390.35
NIFTY SME EMERGE,21-Nov-22,-,-,-,6370.62
NIFTY SME EMERGE,18-Nov-22,-,-,-,6356.88
NIFTY SME EMERGE,17-Nov-22,-,-,-,6274.02
NIFTY SME EMERGE,16-Nov-22,-,-,-,6236.39
NIFTY SME EMERGE,15-Nov-22,-,-,-,6263.94
NIFTY SME EMERGE,14-Nov-22,-,-,-,6278.42
NIFTY SME EMERGE,11-Nov-22,-,-,-,6290.65
NIFTY SME EMERGE,10-Nov-22,-,-,-,6248.27
NIFTY SME EMERGE,09-Nov-22,-,-,-,6238.71
NIFTY SME EMERGE,07-Nov-22,-,-,-,6150.59
NIFTY SME EMERGE,04-Nov-22,-,-,-,6135.13
NIFTY SME EMERGE,03-Nov-22,-,-,-,6123.73
NIFTY SME EMERGE,02-Nov-22,-,-,-,6050.57
NIFTY SME EMERGE,01-Nov-22,-,-,-,5986.78
NIFTY SME EMERGE,31-Oct-22,-,-,-,5981.93
NIFTY SME EMERGE,28-Oct-22,-,-,-,5985
NIFTY SME EMERGE,27-Oct-22,-,-,-,6004.8
NIFTY SME EMERGE,25-Oct-22,-,-,-,6051.6
NIFTY SME EMERGE,24-Oct-22,-,-,-,6056.49
NIFTY SME EMERGE,21-Oct-22,-,-,-,6007.99
NIFTY SME EMERGE,20-Oct-22,-,-,-,6019.39
NIFTY SME EMERGE,19-Oct-22,-,-,-,6026.15
NIFTY SME EMERGE,18-Oct-22,-,-,-,5978.66
NIFTY SME EMERGE,17-Oct-22,-,-,-,5973.49
NIFTY SME EMERGE,14-Oct-22,-,-,-,5916.43
NIFTY SME EMERGE,13-Oct-22,-,-,-,5846.05
NIFTY SME EMERGE,12-Oct-22,-,-,-,5816.93
NIFTY SME EMERGE,11-Oct-22,-,-,-,5803.52
NIFTY SME EMERGE,10-Oct-22,-,-,-,5766.57
NIFTY SME EMERGE,07-Oct-22,-,-,-,5703.48
NIFTY SME EMERGE,06-Oct-22,-,-,-,5617.42
NIFTY SME EMERGE,04-Oct-22,-,-,-,5586.03
NIFTY SME EMERGE,03-Oct-22,-,-,-,5571.36
NIFTY SME EMERGE,30-Sep-22,-,-,-,5593.53
NIFTY SME EMERGE,29-Sep-22,-,-,-,5548.58
NIFTY SME EMERGE,28-Sep-22,-,-,-,5522.69
NIFTY SME EMERGE,27-Sep-22,-,-,-,5515.25
NIFTY SME EMERGE,26-Sep-22,-,-,-,5509.33
NIFTY SME EMERGE,23-Sep-22,-,-,-,5626.86
NIFTY SME EMERGE,22-Sep-22,-,-,-,5663.51
NIFTY SME EMERGE,21-Sep-22,-,-,-,5634.77
NIFTY SME EMERGE,20-Sep-22,-,-,-,5700.31
NIFTY SME EMERGE,19-Sep-22,-,-,-,5630.61
NIFTY SME EMERGE,16-Sep-22,-,-,-,5610.3
NIFTY SME EMERGE,15-Sep-22,-,-,-,5648.58
NIFTY SME EMERGE,14-Sep-22,-,-,-,5629.16
NIFTY SME EMERGE,13-Sep-22,-,-,-,5591.21
NIFTY SME EMERGE,12-Sep-22,-,-,-,5590.57
NIFTY SME EMERGE,09-Sep-22,-,-,-,5575.59
NIFTY SME EMERGE,08-Sep-22,-,-,-,5563.66
NIFTY SME EMERGE,07-Sep-22,-,-,-,5511.83
NIFTY SME EMERGE,06-Sep-22,-,-,-,5503.34
NIFTY SME EMERGE,05-Sep-22,-,-,-,5475.18
NIFTY SME EMERGE,02-Sep-22,-,-,-,5531.52
NIFTY SME EMERGE,01-Sep-22,-,-,-,5496.22
NIFTY SME EMERGE,30-Aug-22,-,-,-,5401.17
NIFTY SME EMERGE,29-Aug-22,-,-,-,5303.27
NIFTY SME EMERGE,26-Aug-22,-,-,-,5204.85
NIFTY SME EMERGE,25-Aug-22,-,-,-,5142.66
NIFTY SME EMERGE,24-Aug-22,-,-,-,5147.66
NIFTY SME EMERGE,23-Aug-22,-,-,-,5044.38
NIFTY SME EMERGE,22-Aug-22,-,-,-,4966.48
NIFTY SME EMERGE,19-Aug-22,-,-,-,5026.73
NIFTY SME EMERGE,18-Aug-22,-,-,-,5000.86
NIFTY SME EMERGE,17-Aug-22,-,-,-,5030.87
NIFTY SME EMERGE,16-Aug-22,-,-,-,4971.62
NIFTY SME EMERGE,12-Aug-22,-,-,-,4953.06
NIFTY SME EMERGE,11-Aug-22,-,-,-,4946
NIFTY SME EMERGE,10-Aug-22,-,-,-,4918
NIFTY SME EMERGE,08-Aug-22,-,-,-,4925.18
NIFTY SME EMERGE,05-Aug-22,-,-,-,4786.69
NIFTY SME EMERGE,04-Aug-22,-,-,-,4755.74
NIFTY SME EMERGE,03-Aug-22,-,-,-,4716.19
NIFTY SME EMERGE,02-Aug-22,-,-,-,4744.17
NIFTY SME EMERGE,01-Aug-22,-,-,-,4762.96
NIFTY SME EMERGE,29-Jul-22,-,-,-,4747.12
NIFTY SME EMERGE,28-Jul-22,-,-,-,4735.65
NIFTY SME EMERGE,27-Jul-22,-,-,-,4745.29
NIFTY SME EMERGE,26-Jul-22,-,-,-,4723.59
NIFTY SME EMERGE,25-Jul-22,-,-,-,4753.99
NIFTY SME EMERGE,22-Jul-22,-,-,-,4723.14
NIFTY SME EMERGE,21-Jul-22,-,-,-,4635.19
NIFTY SME EMERGE,20-Jul-22,-,-,-,4577.82
NIFTY SME EMERGE,19-Jul-22,-,-,-,4543.9
NIFTY SME EMERGE,18-Jul-22,-,-,-,4520.36
NIFTY SME EMERGE,15-Jul-22,-,-,-,4471.45
NIFTY SME EMERGE,14-Jul-22,-,-,-,4496.57
NIFTY SME EMERGE,13-Jul-22,-,-,-,4507.71
NIFTY SME EMERGE,12-Jul-22,-,-,-,4515.17
NIFTY SME EMERGE,11-Jul-22,-,-,-,4518.9
NIFTY SME EMERGE,08-Jul-22,-,-,-,4486.06
NIFTY SME EMERGE,07-Jul-22,-,-,-,4471.15
NIFTY SME EMERGE,06-Jul-22,-,-,-,4470.84
NIFTY SME EMERGE,05-Jul-22,-,-,-,4465.88
NIFTY SME EMERGE,04-Jul-22,-,-,-,4458.08
NIFTY SME EMERGE,01-Jul-22,-,-,-,4447.57
NIFTY SME EMERGE,30-Jun-22,-,-,-,4451.97
NIFTY SME EMERGE,29-Jun-22,-,-,-,4457.77
NIFTY SME EMERGE,28-Jun-22,-,-,-,4406.87
NIFTY SME EMERGE,27-Jun-22,-,-,-,4390.75
NIFTY SME EMERGE,24-Jun-22,-,-,-,4340.71
NIFTY SME EMERGE,23-Jun-22,-,-,-,4289.08
NIFTY SME EMERGE,22-Jun-22,-,-,-,4296.92
NIFTY SME EMERGE,21-Jun-22,-,-,-,4292.87
NIFTY SME EMERGE,20-Jun-22,-,-,-,4267.91
NIFTY SME EMERGE,17-Jun-22,-,-,-,4387.78
NIFTY SME EMERGE,16-Jun-22,-,-,-,4459.72
NIFTY SME EMERGE,15-Jun-22,-,-,-,4561.57
NIFTY SME EMERGE,14-Jun-22,-,-,-,4549.55
NIFTY SME EMERGE,13-Jun-22,-,-,-,4560.65
NIFTY SME EMERGE,10-Jun-22,-,-,-,4649.56
NIFTY SME EMERGE,09-Jun-22,-,-,-,4681.14
NIFTY SME EMERGE,08-Jun-22,-,-,-,4697.25
NIFTY SME EMERGE,07-Jun-22,-,-,-,4683.7
NIFTY SME EMERGE,06-Jun-22,-,-,-,4702.2
NIFTY SME EMERGE,03-Jun-22,-,-,-,4739.03
NIFTY SME EMERGE,02-Jun-22,-,-,-,4699.07
NIFTY SME EMERGE,01-Jun-22,-,-,-,4713.08
NIFTY SME EMERGE,31-May-22,-,-,-,4727.85
NIFTY SME EMERGE,30-May-22,-,-,-,4726.82
NIFTY SME EMERGE,27-May-22,-,-,-,4685.03
NIFTY SME EMERGE,26-May-22,-,-,-,4644.72
NIFTY SME EMERGE,25-May-22,-,-,-,4639.09
NIFTY SME EMERGE,24-May-22,-,-,-,4702.62
NIFTY SME EMERGE,23-May-22,-,-,-,4781.67
NIFTY SME EMERGE,20-May-22,-,-,-,4752.1
NIFTY SME EMERGE,19-May-22,-,-,-,4676.39
NIFTY SME EMERGE,18-May-22,-,-,-,4747.61
NIFTY SME EMERGE,17-May-22,-,-,-,4726.32
NIFTY SME EMERGE,16-May-22,-,-,-,4637.66
NIFTY SME EMERGE,13-May-22,-,-,-,4595.52
NIFTY SME EMERGE,12-May-22,-,-,-,4527.71
NIFTY SME EMERGE,11-May-22,-,-,-,4593.41
NIFTY SME EMERGE,10-May-22,-,-,-,4662.28
NIFTY SME EMERGE,09-May-22,-,-,-,4701.73
NIFTY SME EMERGE,06-May-22,-,-,-,4768.23
NIFTY SME EMERGE,05-May-22,-,-,-,4825.89
NIFTY SME EMERGE,04-May-22,-,-,-,4788.28
NIFTY SME EMERGE,02-May-22,-,-,-,4886.87
NIFTY SME EMERGE,29-Apr-22,-,-,-,4912.49
NIFTY SME EMERGE,28-Apr-22,-,-,-,4858.44
NIFTY SME EMERGE,27-Apr-22,-,-,-,4843.68
NIFTY SME EMERGE,26-Apr-22,-,-,-,4829.42
NIFTY SME EMERGE,25-Apr-22,-,-,-,4829.11
NIFTY SME EMERGE,22-Apr-22,-,-,-,4857.81
NIFTY SME EMERGE,21-Apr-22,-,-,-,4862.42
NIFTY SME EMERGE,20-Apr-22,-,-,-,4828.56
NIFTY SME EMERGE,19-Apr-22,-,-,-,4865.19
NIFTY SME EMERGE,18-Apr-22,-,-,-,4906.65
NIFTY SME EMERGE,13-Apr-22,-,-,-,4921.54
NIFTY SME EMERGE,12-Apr-22,-,-,-,4900.5
NIFTY SME EMERGE,11-Apr-22,-,-,-,4936.66
NIFTY SME EMERGE,08-Apr-22,-,-,-,4932.37
NIFTY SME EMERGE,07-Apr-22,-,-,-,4846.04
NIFTY SME EMERGE,06-Apr-22,-,-,-,4832.01
NIFTY SME EMERGE,05-Apr-22,-,-,-,4794.35
NIFTY SME EMERGE,04-Apr-22,-,-,-,4827.08
NIFTY SME EMERGE,01-Apr-22,-,-,-,4796.33
NIFTY SME EMERGE,31-Mar-22,-,-,-,4653.26
NIFTY SME EMERGE,30-Mar-22,-,-,-,4590.7
NIFTY SME EMERGE,29-Mar-22,-,-,-,4494.14
NIFTY SME EMERGE,28-Mar-22,-,-,-,4482.34
NIFTY SME EMERGE,25-Mar-22,-,-,-,4490.26
NIFTY SME EMERGE,24-Mar-22,-,-,-,4502.32
NIFTY SME EMERGE,23-Mar-22,-,-,-,4497.94
NIFTY SME EMERGE,22-Mar-22,-,-,-,4470.84
NIFTY SME EMERGE,21-Mar-22,-,-,-,4417.32
NIFTY SME EMERGE,17-Mar-22,-,-,-,4398.18
NIFTY SME EMERGE,16-Mar-22,-,-,-,4302.49
NIFTY SME EMERGE,15-Mar-22,-,-,-,4271.25
NIFTY SME EMERGE,14-Mar-22,-,-,-,4362.44
NIFTY SME EMERGE,11-Mar-22,-,-,-,4313.36
NIFTY SME EMERGE,10-Mar-22,-,-,-,4286.51
NIFTY SME EMERGE,09-Mar-22,-,-,-,4215
NIFTY SME EMERGE,08-Mar-22,-,-,-,4180.78
NIFTY SME EMERGE,07-Mar-22,-,-,-,4163.93
NIFTY SME EMERGE,04-Mar-22,-,-,-,4218.47
NIFTY SME EMERGE,03-Mar-22,-,-,-,4254.38
NIFTY SME EMERGE,02-Mar-22,-,-,-,4231.67
NIFTY SME EMERGE,28-Feb-22,-,-,-,4259.75
NIFTY SME EMERGE,25-Feb-22,-,-,-,4260
NIFTY SME EMERGE,24-Feb-22,-,-,-,4205.46
NIFTY SME EMERGE,23-Feb-22,-,-,-,4375.55
NIFTY SME EMERGE,22-Feb-22,-,-,-,4364.19
NIFTY SME EMERGE,21-Feb-22,-,-,-,4457.42
NIFTY SME EMERGE,18-Feb-22,-,-,-,4535.97
NIFTY SME EMERGE,17-Feb-22,-,-,-,4552.03
NIFTY SME EMERGE,16-Feb-22,-,-,-,4541.68
NIFTY SME EMERGE,15-Feb-22,-,-,-,4552.2
NIFTY SME EMERGE,14-Feb-22,-,-,-,4551.78
NIFTY SME EMERGE,11-Feb-22,-,-,-,4643.53
NIFTY SME EMERGE,10-Feb-22,-,-,-,4640.25
NIFTY SME EMERGE,09-Feb-22,-,-,-,4588.21
NIFTY SME EMERGE,08-Feb-22,-,-,-,4570.38
NIFTY SME EMERGE,07-Feb-22,-,-,-,4586.65
NIFTY SME EMERGE,04-Feb-22,-,-,-,4534.11
NIFTY SME EMERGE,03-Feb-22,-,-,-,4476.52
NIFTY SME EMERGE,02-Feb-22,-,-,-,4407.28
NIFTY SME EMERGE,01-Feb-22,-,-,-,4420.4
NIFTY SME EMERGE,31-Jan-22,-,-,-,4407.87
NIFTY SME EMERGE,28-Jan-22,-,-,-,4349.84
NIFTY SME EMERGE,27-Jan-22,-,-,-,4309.55
NIFTY SME EMERGE,25-Jan-22,-,-,-,4306.51
NIFTY SME EMERGE,24-Jan-22,-,-,-,4287.86
NIFTY SME EMERGE,21-Jan-22,-,-,-,4371.23
NIFTY SME EMERGE,20-Jan-22,-,-,-,4384.01
NIFTY SME EMERGE,19-Jan-22,-,-,-,4351.19
NIFTY SME EMERGE,18-Jan-22,-,-,-,4329.73
NIFTY SME EMERGE,17-Jan-22,-,-,-,4349.47
NIFTY SME EMERGE,14-Jan-22,-,-,-,4251.61
NIFTY SME EMERGE,13-Jan-22,-,-,-,4208.16
NIFTY SME EMERGE,12-Jan-22,-,-,-,4145.53
NIFTY SME EMERGE,11-Jan-22,-,-,-,4122.58
NIFTY SME EMERGE,10-Jan-22,-,-,-,4093.53
NIFTY SME EMERGE,07-Jan-22,-,-,-,3958.03
NIFTY SME EMERGE,06-Jan-22,-,-,-,3901.46
NIFTY SME EMERGE,05-Jan-22,-,-,-,3900.04
NIFTY SME EMERGE,04-Jan-22,-,-,-,3860.23
NIFTY SME EMERGE,03-Jan-22,-,-,-,3865.64
NIFTY SME EMERGE,31-Dec-21,-,-,-,3825
NIFTY SME EMERGE,30-Dec-21,-,-,-,3775.45
NIFTY SME EMERGE,29-Dec-21,-,-,-,3753.93
NIFTY SME EMERGE,28-Dec-21,-,-,-,3733.35
NIFTY SME EMERGE,27-Dec-21,-,-,-,3675.82
NIFTY SME EMERGE,24-Dec-21,-,-,-,3642.11
NIFTY SME EMERGE,23-Dec-21,-,-,-,3583.04
NIFTY SME EMERGE,22-Dec-21,-,-,-,3598.69
NIFTY SME EMERGE,21-Dec-21,-,-,-,3563.26
NIFTY SME EMERGE,20-Dec-21,-,-,-,3568.41
NIFTY SME EMERGE,17-Dec-21,-,-,-,3610.06
NIFTY SME EMERGE,16-Dec-21,-,-,-,3658.29
NIFTY SME EMERGE,15-Dec-21,-,-,-,3686.47
NIFTY SME EMERGE,14-Dec-21,-,-,-,3668.41
NIFTY SME EMERGE,13-Dec-21,-,-,-,3682.35
NIFTY SME EMERGE,10-Dec-21,-,-,-,3674.78
NIFTY SME EMERGE,09-Dec-21,-,-,-,3649.26
NIFTY SME EMERGE,08-Dec-21,-,-,-,3592.14
NIFTY SME EMERGE,07-Dec-21,-,-,-,3502.26
NIFTY SME EMERGE,06-Dec-21,-,-,-,3470.5
NIFTY SME EMERGE,03-Dec-21,-,-,-,3509.39
NIFTY SME EMERGE,02-Dec-21,-,-,-,3547.02
NIFTY SME EMERGE,01-Dec-21,-,-,-,3470.84
NIFTY SME EMERGE,30-Nov-21,-,-,-,3390.51
NIFTY SME EMERGE,29-Nov-21,-,-,-,3282.42
NIFTY SME EMERGE,26-Nov-21,-,-,-,3276.79
NIFTY SME EMERGE,25-Nov-21,-,-,-,3290.98
NIFTY SME EMERGE,24-Nov-21,-,-,-,3266.31
NIFTY SME EMERGE,23-Nov-21,-,-,-,3222.46
NIFTY SME EMERGE,22-Nov-21,-,-,-,3200.91
NIFTY SME EMERGE,18-Nov-21,-,-,-,3274.6
NIFTY SME EMERGE,17-Nov-21,-,-,-,3275.1
NIFTY SME EMERGE,16-Nov-21,-,-,-,3288.04
NIFTY SME EMERGE,15-Nov-21,-,-,-,3305.51
NIFTY SME EMERGE,12-Nov-21,-,-,-,3336.87
NIFTY SME EMERGE,11-Nov-21,-,-,-,3357.41
NIFTY SME EMERGE,10-Nov-21,-,-,-,3353.36
NIFTY SME EMERGE,09-Nov-21,-,-,-,3394.01
NIFTY SME EMERGE,08-Nov-21,-,-,-,3372.54
NIFTY SME EMERGE,04-Nov-21,-,-,-,3303.83
NIFTY SME EMERGE,03-Nov-21,-,-,-,3256.72
NIFTY SME EMERGE,02-Nov-21,-,-,-,3257.63
NIFTY SME EMERGE,01-Nov-21,-,-,-,3271.05
NIFTY SME EMERGE,29-Oct-21,-,-,-,3243.35
NIFTY SME EMERGE,28-Oct-21,-,-,-,3232.35
NIFTY SME EMERGE,27-Oct-21,-,-,-,3265.14
NIFTY SME EMERGE,26-Oct-21,-,-,-,3294.08
NIFTY SME EMERGE,25-Oct-21,-,-,-,3226.61
NIFTY SME EMERGE,22-Oct-21,-,-,-,3246.8
NIFTY SME EMERGE,21-Oct-21,-,-,-,3267.34
NIFTY SME EMERGE,20-Oct-21,-,-,-,3321.53
NIFTY SME EMERGE,19-Oct-21,-,-,-,3391.48
NIFTY SME EMERGE,18-Oct-21,-,-,-,3443.15
NIFTY SME EMERGE,14-Oct-21,-,-,-,3457.66
NIFTY SME EMERGE,13-Oct-21,-,-,-,3455.85
NIFTY SME EMERGE,12-Oct-21,-,-,-,3461.64
NIFTY SME EMERGE,11-Oct-21,-,-,-,3432.07
NIFTY SME EMERGE,08-Oct-21,-,-,-,3457.81
NIFTY SME EMERGE,07-Oct-21,-,-,-,3403.68
NIFTY SME EMERGE,06-Oct-21,-,-,-,3303.87
NIFTY SME EMERGE,05-Oct-21,-,-,-,3271.07
NIFTY SME EMERGE,04-Oct-21,-,-,-,3242.74
NIFTY SME EMERGE,01-Oct-21,-,-,-,3198.07
NIFTY SME EMERGE,30-Sep-21,-,-,-,3200.47
NIFTY SME EMERGE,29-Sep-21,-,-,-,3109.62
NIFTY SME EMERGE,28-Sep-21,-,-,-,3074.69
NIFTY SME EMERGE,27-Sep-21,-,-,-,3068.95
NIFTY SME EMERGE,24-Sep-21,-,-,-,3036.95
NIFTY SME EMERGE,23-Sep-21,-,-,-,2990.75
NIFTY SME EMERGE,22-Sep-21,-,-,-,2972.28
NIFTY SME EMERGE,21-Sep-21,-,-,-,2954.45
NIFTY SME EMERGE,20-Sep-21,-,-,-,2942.49
NIFTY SME EMERGE,17-Sep-21,-,-,-,2985.83
NIFTY SME EMERGE,16-Sep-21,-,-,-,2998.51
NIFTY SME EMERGE,15-Sep-21,-,-,-,2996.98
NIFTY SME EMERGE,14-Sep-21,-,-,-,2969.39
NIFTY SME EMERGE,13-Sep-21,-,-,-,2929.85
NIFTY SME EMERGE,09-Sep-21,-,-,-,2908.44
NIFTY SME EMERGE,08-Sep-21,-,-,-,2880.89
NIFTY SME EMERGE,07-Sep-21,-,-,-,2845.03
NIFTY SME EMERGE,06-Sep-21,-,-,-,2850.25
NIFTY SME EMERGE,03-Sep-21,-,-,-,2847.84
NIFTY SME EMERGE,02-Sep-21,-,-,-,2834.31
NIFTY SME EMERGE,01-Sep-21,-,-,-,2796.75
NIFTY SME EMERGE,31-Aug-21,-,-,-,2805.76
NIFTY SME EMERGE,30-Aug-21,-,-,-,2811.49
NIFTY SME EMERGE,27-Aug-21,-,-,-,2786.78
NIFTY SME EMERGE,26-Aug-21,-,-,-,2757.58
NIFTY SME EMERGE,25-Aug-21,-,-,-,2743.87
NIFTY SME EMERGE,24-Aug-21,-,-,-,2741.82
NIFTY SME EMERGE,23-Aug-21,-,-,-,2691.91
NIFTY SME EMERGE,20-Aug-21,-,-,-,2706.47
NIFTY SME EMERGE,18-Aug-21,-,-,-,2732.2
NIFTY SME EMERGE,17-Aug-21,-,-,-,2744.55
NIFTY SME EMERGE,16-Aug-21,-,-,-,2768.32
NIFTY SME EMERGE,13-Aug-21,-,-,-,2784.01
NIFTY SME EMERGE,12-Aug-21,-,-,-,2810.01
NIFTY SME EMERGE,11-Aug-21,-,-,-,2783.51
NIFTY SME EMERGE,10-Aug-21,-,-,-,2805.01
NIFTY SME EMERGE,09-Aug-21,-,-,-,2872.65
NIFTY SME EMERGE,06-Aug-21,-,-,-,2871.8
NIFTY SME EMERGE,05-Aug-21,-,-,-,2806.57
NIFTY SME EMERGE,04-Aug-21,-,-,-,2796.09
NIFTY SME EMERGE,03-Aug-21,-,-,-,2805.46
NIFTY SME EMERGE,02-Aug-21,-,-,-,2791.04
NIFTY SME EMERGE,30-Jul-21,-,-,-,2767.18
NIFTY SME EMERGE,29-Jul-21,-,-,-,2759.79
NIFTY SME EMERGE,28-Jul-21,-,-,-,2755.53
NIFTY SME EMERGE,27-Jul-21,-,-,-,2751.13
NIFTY SME EMERGE,26-Jul-21,-,-,-,2741.93
NIFTY SME EMERGE,23-Jul-21,-,-,-,2712.77
NIFTY SME EMERGE,22-Jul-21,-,-,-,2705.72
NIFTY SME EMERGE,20-Jul-21,-,-,-,2690.64
NIFTY SME EMERGE,19-Jul-21,-,-,-,2696.61
NIFTY SME EMERGE,16-Jul-21,-,-,-,2669.14
NIFTY SME EMERGE,15-Jul-21,-,-,-,2653.31
NIFTY SME EMERGE,14-Jul-21,-,-,-,2640.1
NIFTY SME EMERGE,13-Jul-21,-,-,-,2649.93
NIFTY SME EMERGE,12-Jul-21,-,-,-,2638.98
NIFTY SME EMERGE,09-Jul-21,-,-,-,2607.37
NIFTY SME EMERGE,08-Jul-21,-,-,-,2639.6
NIFTY SME EMERGE,07-Jul-21,-,-,-,2658.62
NIFTY SME EMERGE,06-Jul-21,-,-,-,2705.3
NIFTY SME EMERGE,05-Jul-21,-,-,-,2688.25
NIFTY SME EMERGE,02-Jul-21,-,-,-,2659.71
NIFTY SME EMERGE,01-Jul-21,-,-,-,2616.42
NIFTY SME EMERGE,30-Jun-21,-,-,-,2616.17
NIFTY SME EMERGE,29-Jun-21,-,-,-,2600.15
NIFTY SME EMERGE,28-Jun-21,-,-,-,2525.88
NIFTY SME EMERGE,25-Jun-21,-,-,-,2504.25
NIFTY SME EMERGE,24-Jun-21,-,-,-,2482.59
NIFTY SME EMERGE,23-Jun-21,-,-,-,2497.1
NIFTY SME EMERGE,22-Jun-21,-,-,-,2489.57
NIFTY SME EMERGE,21-Jun-21,-,-,-,2457.25
NIFTY SME EMERGE,18-Jun-21,-,-,-,2456.51
NIFTY SME EMERGE,17-Jun-21,-,-,-,2489.11
NIFTY SME EMERGE,16-Jun-21,-,-,-,2544.05
NIFTY SME EMERGE,15-Jun-21,-,-,-,2510.09
NIFTY SME EMERGE,14-Jun-21,-,-,-,2408.55
NIFTY SME EMERGE,11-Jun-21,-,-,-,2395.5
NIFTY SME EMERGE,10-Jun-21,-,-,-,2379.22
NIFTY SME EMERGE,09-Jun-21,-,-,-,2362.19
NIFTY SME EMERGE,08-Jun-21,-,-,-,2359.18
NIFTY SME EMERGE,07-Jun-21,-,-,-,2335.78
NIFTY SME EMERGE,04-Jun-21,-,-,-,2281.49
NIFTY SME EMERGE,03-Jun-21,-,-,-,2258.24
NIFTY SME EMERGE,02-Jun-21,-,-,-,2262.74
NIFTY SME EMERGE,01-Jun-21,-,-,-,2251.52
NIFTY SME EMERGE,31-May-21,-,-,-,2262.35
NIFTY SME EMERGE,28-May-21,-,-,-,2261.16
NIFTY SME EMERGE,27-May-21,-,-,-,2275.29
NIFTY SME EMERGE,26-May-21,-,-,-,2258.93
NIFTY SME EMERGE,25-May-21,-,-,-,2255.99
NIFTY SME EMERGE,24-May-21,-,-,-,2212.35
NIFTY SME EMERGE,21-May-21,-,-,-,2195.9
NIFTY SME EMERGE,20-May-21,-,-,-,2192.82
NIFTY SME EMERGE,19-May-21,-,-,-,2173.31
NIFTY SME EMERGE,18-May-21,-,-,-,2153.72
NIFTY SME EMERGE,17-May-21,-,-,-,2133.91
NIFTY SME EMERGE,14-May-21,-,-,-,2115.96
NIFTY SME EMERGE,12-May-21,-,-,-,2110.73
NIFTY SME EMERGE,11-May-21,-,-,-,2110.45
NIFTY SME EMERGE,10-May-21,-,-,-,2101.79
NIFTY SME EMERGE,07-May-21,-,-,-,2102.6
NIFTY SME EMERGE,06-May-21,-,-,-,2085.2
NIFTY SME EMERGE,05-May-21,-,-,-,2078.23
NIFTY SME EMERGE,04-May-21,-,-,-,2073.92
NIFTY SME EMERGE,03-May-21,-,-,-,2083.34
NIFTY SME EMERGE,30-Apr-21,-,-,-,2051.06
NIFTY SME EMERGE,29-Apr-21,-,-,-,2049.37
NIFTY SME EMERGE,28-Apr-21,-,-,-,2052.24
NIFTY SME EMERGE,27-Apr-21,-,-,-,2050.27
NIFTY SME EMERGE,26-Apr-21,-,-,-,2034.89
NIFTY SME EMERGE,23-Apr-21,-,-,-,2038.97
NIFTY SME EMERGE,22-Apr-21,-,-,-,2025.03
NIFTY SME EMERGE,20-Apr-21,-,-,-,2007.76
NIFTY SME EMERGE,19-Apr-21,-,-,-,2010.58
NIFTY SME EMERGE,16-Apr-21,-,-,-,2022.74
NIFTY SME EMERGE,15-Apr-21,-,-,-,1993.24
NIFTY SME EMERGE,13-Apr-21,-,-,-,1998.45
NIFTY SME EMERGE,12-Apr-21,-,-,-,1966.69
NIFTY SME EMERGE,09-Apr-21,-,-,-,1915.53
NIFTY SME EMERGE,08-Apr-21,-,-,-,1855.9
NIFTY SME EMERGE,07-Apr-21,-,-,-,1839.13
NIFTY SME EMERGE,06-Apr-21,-,-,-,1826.07
NIFTY SME EMERGE,05-Apr-21,-,-,-,1804.72
NIFTY SME EMERGE,01-Apr-21,-,-,-,1825.15
NIFTY SME EMERGE,31-Mar-21,-,-,-,1794.26
NIFTY SME EMERGE,30-Mar-21,-,-,-,1808.84
NIFTY SME EMERGE,26-Mar-21,-,-,-,1793.84
NIFTY SME EMERGE,25-Mar-21,-,-,-,1775.9
NIFTY SME EMERGE,24-Mar-21,-,-,-,1780.77
NIFTY SME EMERGE,23-Mar-21,-,-,-,1784.24
NIFTY SME EMERGE,22-Mar-21,-,-,-,1788.06
NIFTY SME EMERGE,19-Mar-21,-,-,-,1785.42
NIFTY SME EMERGE,18-Mar-21,-,-,-,1763.26
NIFTY SME EMERGE,17-Mar-21,-,-,-,1775.26
NIFTY SME EMERGE,16-Mar-21,-,-,-,1779.15
NIFTY SME EMERGE,15-Mar-21,-,-,-,1778.31
NIFTY SME EMERGE,12-Mar-21,-,-,-,1793.84
NIFTY SME EMERGE,10-Mar-21,-,-,-,1781.15
NIFTY SME EMERGE,09-Mar-21,-,-,-,1779.8
NIFTY SME EMERGE,08-Mar-21,-,-,-,1802.35
NIFTY SME EMERGE,05-Mar-21,-,-,-,1792.39
NIFTY SME EMERGE,04-Mar-21,-,-,-,1791.56
NIFTY SME EMERGE,03-Mar-21,-,-,-,1788.2
NIFTY SME EMERGE,02-Mar-21,-,-,-,1780.98
NIFTY SME EMERGE,01-Mar-21,-,-,-,1781.9
NIFTY SME EMERGE,26-Feb-21,-,-,-,1792.36
NIFTY SME EMERGE,25-Feb-21,-,-,-,1797.06
NIFTY SME EMERGE,24-Feb-21,-,-,-,1799.85
NIFTY SME EMERGE,23-Feb-21,-,-,-,1789.14
NIFTY SME EMERGE,22-Feb-21,-,-,-,1796.58
NIFTY SME EMERGE,19-Feb-21,-,-,-,1815.21
NIFTY SME EMERGE,18-Feb-21,-,-,-,1823.86
NIFTY SME EMERGE,17-Feb-21,-,-,-,1819.02
NIFTY SME EMERGE,16-Feb-21,-,-,-,1812.89
NIFTY SME EMERGE,15-Feb-21,-,-,-,1801.75
NIFTY SME EMERGE,12-Feb-21,-,-,-,1800.1
NIFTY SME EMERGE,11-Feb-21,-,-,-,1778.97
NIFTY SME EMERGE,10-Feb-21,-,-,-,1783.68
NIFTY SME EMERGE,09-Feb-21,-,-,-,1782.7
NIFTY SME EMERGE,08-Feb-21,-,-,-,1779.5
NIFTY SME EMERGE,05-Feb-21,-,-,-,1748.69
NIFTY SME EMERGE,04-Feb-21,-,-,-,1741.38
NIFTY SME EMERGE,03-Feb-21,-,-,-,1736.36
NIFTY SME EMERGE,02-Feb-21,-,-,-,1745.03
NIFTY SME EMERGE,01-Feb-21,-,-,-,1721.73
NIFTY SME EMERGE,29-Jan-21,-,-,-,1722.91
NIFTY SME EMERGE,28-Jan-21,-,-,-,1720.49
NIFTY SME EMERGE,27-Jan-21,-,-,-,1717.97
NIFTY SME EMERGE,25-Jan-21,-,-,-,1718.57
NIFTY SME EMERGE,22-Jan-21,-,-,-,1730.03
NIFTY SME EMERGE,21-Jan-21,-,-,-,1739.36
NIFTY SME EMERGE,20-Jan-21,-,-,-,1729.87
NIFTY SME EMERGE,19-Jan-21,-,-,-,1723.53
NIFTY SME EMERGE,18-Jan-21,-,-,-,1717.02
NIFTY SME EMERGE,15-Jan-21,-,-,-,1741.52
NIFTY SME EMERGE,14-Jan-21,-,-,-,1742.71
NIFTY SME EMERGE,13-Jan-21,-,-,-,1741.32
NIFTY SME EMERGE,12-Jan-21,-,-,-,1734.61
NIFTY SME EMERGE,11-Jan-21,-,-,-,1721.46
NIFTY SME EMERGE,08-Jan-21,-,-,-,1724.28
NIFTY SME EMERGE,07-Jan-21,-,-,-,1723.01
NIFTY SME EMERGE,06-Jan-21,-,-,-,1726.09
NIFTY SME EMERGE,05-Jan-21,-,-,-,1720.03
NIFTY SME EMERGE,04-Jan-21,-,-,-,1697.38
NIFTY SME EMERGE,01-Jan-21,-,-,-,1697.11
NIFTY SME EMERGE,31-Dec-20,-,-,-,1688.31
NIFTY SME EMERGE,30-Dec-20,-,-,-,1671.73
NIFTY SME EMERGE,29-Dec-20,-,-,-,1641.59
NIFTY SME EMERGE,28-Dec-20,-,-,-,1640.41
NIFTY SME EMERGE,24-Dec-20,-,-,-,1639.03
NIFTY SME EMERGE,23-Dec-20,-,-,-,1622.15
NIFTY SME EMERGE,22-Dec-20,-,-,-,1620.46
NIFTY SME EMERGE,21-Dec-20,-,-,-,1624.91
NIFTY SME EMERGE,18-Dec-20,-,-,-,1632.68
NIFTY SME EMERGE,17-Dec-20,-,-,-,1634.61
NIFTY SME EMERGE,16-Dec-20,-,-,-,1623.84
NIFTY SME EMERGE,15-Dec-20,-,-,-,1612.49
NIFTY SME EMERGE,14-Dec-20,-,-,-,1604.92
NIFTY SME EMERGE,11-Dec-20,-,-,-,1613.63
NIFTY SME EMERGE,10-Dec-20,-,-,-,1618.28
NIFTY SME EMERGE,09-Dec-20,-,-,-,1627.16
NIFTY SME EMERGE,08-Dec-20,-,-,-,1618.9
NIFTY SME EMERGE,07-Dec-20,-,-,-,1608.61
NIFTY SME EMERGE,04-Dec-20,-,-,-,1592.84
NIFTY SME EMERGE,03-Dec-20,-,-,-,1582.2
NIFTY SME EMERGE,02-Dec-20,-,-,-,1579.1
NIFTY SME EMERGE,01-Dec-20,-,-,-,1578.82
NIFTY SME EMERGE,27-Nov-20,-,-,-,1562.74
NIFTY SME EMERGE,26-Nov-20,-,-,-,1552.7
NIFTY SME EMERGE,25-Nov-20,-,-,-,1546.86
NIFTY SME EMERGE,24-Nov-20,-,-,-,1563.16
NIFTY SME EMERGE,23-Nov-20,-,-,-,1558.07
NIFTY SME EMERGE,20-Nov-20,-,-,-,1548.01
NIFTY SME EMERGE,19-Nov-20,-,-,-,1537.29
NIFTY SME EMERGE,18-Nov-20,-,-,-,1541.61
NIFTY SME EMERGE,17-Nov-20,-,-,-,1547.79
NIFTY SME EMERGE,14-Nov-20,-,-,-,1558.9
NIFTY SME EMERGE,13-Nov-20,-,-,-,1532.3
NIFTY SME EMERGE,12-Nov-20,-,-,-,1517.61
NIFTY SME EMERGE,11-Nov-20,-,-,-,1522.59
NIFTY SME EMERGE,10-Nov-20,-,-,-,1536.35
NIFTY SME EMERGE,09-Nov-20,-,-,-,1535.63
NIFTY SME EMERGE,06-Nov-20,-,-,-,1521.55
NIFTY SME EMERGE,05-Nov-20,-,-,-,1524.97
NIFTY SME EMERGE,04-Nov-20,-,-,-,1522.83
NIFTY SME EMERGE,03-Nov-20,-,-,-,1518.22
NIFTY SME EMERGE,02-Nov-20,-,-,-,1522.25
NIFTY SME EMERGE,30-Oct-20,-,-,-,1512.42
NIFTY SME EMERGE,29-Oct-20,-,-,-,1502.85
NIFTY SME EMERGE,28-Oct-20,-,-,-,1493.74
NIFTY SME EMERGE,27-Oct-20,-,-,-,1506.93
NIFTY SME EMERGE,26-Oct-20,-,-,-,1510.65
NIFTY SME EMERGE,23-Oct-20,-,-,-,1532.67
NIFTY SME EMERGE,22-Oct-20,-,-,-,1532.25
NIFTY SME EMERGE,21-Oct-20,-,-,-,1528.42
NIFTY SME EMERGE,20-Oct-20,-,-,-,1529.51
NIFTY SME EMERGE,19-Oct-20,-,-,-,1518.55
NIFTY SME EMERGE,16-Oct-20,-,-,-,1504.44
NIFTY SME EMERGE,15-Oct-20,-,-,-,1504.09
NIFTY SME EMERGE,14-Oct-20,-,-,-,1503.82
NIFTY SME EMERGE,13-Oct-20,-,-,-,1491.28
NIFTY SME EMERGE,12-Oct-20,-,-,-,1478.64
NIFTY SME EMERGE,09-Oct-20,-,-,-,1475.55
NIFTY SME EMERGE,08-Oct-20,-,-,-,1473.43
NIFTY SME EMERGE,07-Oct-20,-,-,-,1475.7
NIFTY SME EMERGE,06-Oct-20,-,-,-,1483.67
NIFTY SME EMERGE,05-Oct-20,-,-,-,1474.84
NIFTY SME EMERGE,01-Oct-20,-,-,-,1482.93
NIFTY SME EMERGE,30-Sep-20,-,-,-,1470.75
NIFTY SME EMERGE,29-Sep-20,-,-,-,1453.5
NIFTY SME EMERGE,28-Sep-20,-,-,-,1436.46
NIFTY SME EMERGE,25-Sep-20,-,-,-,1412.19
NIFTY SME EMERGE,24-Sep-20,-,-,-,1397.22
NIFTY SME EMERGE,23-Sep-20,-,-,-,1401
NIFTY SME EMERGE,22-Sep-20,-,-,-,1398.78
NIFTY SME EMERGE,21-Sep-20,-,-,-,1396.14
NIFTY SME EMERGE,18-Sep-20,-,-,-,1406.17
NIFTY SME EMERGE,17-Sep-20,-,-,-,1402.88
NIFTY SME EMERGE,16-Sep-20,-,-,-,1395.7
NIFTY SME EMERGE,15-Sep-20,-,-,-,1400.84
NIFTY SME EMERGE,14-Sep-20,-,-,-,1386.9
NIFTY SME EMERGE,11-Sep-20,-,-,-,1374.18
NIFTY SME EMERGE,10-Sep-20,-,-,-,1373.31
NIFTY SME EMERGE,09-Sep-20,-,-,-,1358.36
NIFTY SME EMERGE,08-Sep-20,-,-,-,1364.38
NIFTY SME EMERGE,07-Sep-20,-,-,-,1352.72
NIFTY SME EMERGE,04-Sep-20,-,-,-,1346.73
NIFTY SME EMERGE,03-Sep-20,-,-,-,1347.57
NIFTY SME EMERGE,02-Sep-20,-,-,-,1337
NIFTY SME EMERGE,01-Sep-20,-,-,-,1313.97
NIFTY SME EMERGE,31-Aug-20,-,-,-,1307.42
NIFTY SME EMERGE,28-Aug-20,-,-,-,1312.49
NIFTY SME EMERGE,27-Aug-20,-,-,-,1307.52
NIFTY SME EMERGE,26-Aug-20,-,-,-,1288.66
NIFTY SME EMERGE,25-Aug-20,-,-,-,1293.01
NIFTY SME EMERGE,24-Aug-20,-,-,-,1285.27
NIFTY SME EMERGE,21-Aug-20,-,-,-,1279.14
NIFTY SME EMERGE,20-Aug-20,-,-,-,1271.48
NIFTY SME EMERGE,19-Aug-20,-,-,-,1260.42
NIFTY SME EMERGE,18-Aug-20,-,-,-,1255.08
NIFTY SME EMERGE,17-Aug-20,-,-,-,1245.59
NIFTY SME EMERGE,14-Aug-20,-,-,-,1241.12
NIFTY SME EMERGE,13-Aug-20,-,-,-,1247.45
NIFTY SME EMERGE,12-Aug-20,-,-,-,1248.16
NIFTY SME EMERGE,11-Aug-20,-,-,-,1250.04
NIFTY SME EMERGE,10-Aug-20,-,-,-,1239.28
NIFTY SME EMERGE,07-Aug-20,-,-,-,1234.94
NIFTY SME EMERGE,06-Aug-20,-,-,-,1233.12
NIFTY SME EMERGE,05-Aug-20,-,-,-,1221.42
NIFTY SME EMERGE,04-Aug-20,-,-,-,1218.61
NIFTY SME EMERGE,03-Aug-20,-,-,-,1214.71
NIFTY SME EMERGE,31-Jul-20,-,-,-,1205.51
NIFTY SME EMERGE,30-Jul-20,-,-,-,1216.77
NIFTY SME EMERGE,29-Jul-20,-,-,-,1223.43
NIFTY SME EMERGE,28-Jul-20,-,-,-,1227.11
NIFTY SME EMERGE,27-Jul-20,-,-,-,1227.2
NIFTY SME EMERGE,24-Jul-20,-,-,-,1237.05
NIFTY SME EMERGE,23-Jul-20,-,-,-,1238.01
NIFTY SME EMERGE,22-Jul-20,-,-,-,1244.24
NIFTY SME EMERGE,21-Jul-20,-,-,-,1244.45
NIFTY SME EMERGE,20-Jul-20,-,-,-,1237.05
NIFTY SME EMERGE,17-Jul-20,-,-,-,1232.36
NIFTY SME EMERGE,16-Jul-20,-,-,-,1233.99
NIFTY SME EMERGE,15-Jul-20,-,-,-,1233.12
NIFTY SME EMERGE,14-Jul-20,-,-,-,1223.8
NIFTY SME EMERGE,13-Jul-20,-,-,-,1228.77
NIFTY SME EMERGE,10-Jul-20,-,-,-,1227.55
NIFTY SME EMERGE,09-Jul-20,-,-,-,1227.51
NIFTY SME EMERGE,08-Jul-20,-,-,-,1218.95
NIFTY SME EMERGE,07-Jul-20,-,-,-,1217.26
NIFTY SME EMERGE,06-Jul-20,-,-,-,1218.45
NIFTY SME EMERGE,03-Jul-20,-,-,-,1204.51
NIFTY SME EMERGE,02-Jul-20,-,-,-,1196.96
NIFTY SME EMERGE,01-Jul-20,-,-,-,1195.13
NIFTY SME EMERGE,30-Jun-20,-,-,-,1187.21
NIFTY SME EMERGE,29-Jun-20,-,-,-,1188.86
NIFTY SME EMERGE,26-Jun-20,-,-,-,1190.98
NIFTY SME EMERGE,25-Jun-20,-,-,-,1185.58
NIFTY SME EMERGE,24-Jun-20,-,-,-,1177.35
NIFTY SME EMERGE,23-Jun-20,-,-,-,1177.76
NIFTY SME EMERGE,22-Jun-20,-,-,-,1173.95
NIFTY SME EMERGE,19-Jun-20,-,-,-,1164.57
NIFTY SME EMERGE,18-Jun-20,-,-,-,1160.97
NIFTY SME EMERGE,17-Jun-20,-,-,-,1154.43
NIFTY SME EMERGE,16-Jun-20,-,-,-,1158.11
NIFTY SME EMERGE,15-Jun-20,-,-,-,1158.99
NIFTY SME EMERGE,12-Jun-20,-,-,-,1159.51
NIFTY SME EMERGE,11-Jun-20,-,-,-,1155.03
NIFTY SME EMERGE,10-Jun-20,-,-,-,1150.67
NIFTY SME EMERGE,09-Jun-20,-,-,-,1141.17
NIFTY SME EMERGE,08-Jun-20,-,-,-,1144.99
NIFTY SME EMERGE,05-Jun-20,-,-,-,1145.43
NIFTY SME EMERGE,04-Jun-20,-,-,-,1139.46
NIFTY SME EMERGE,03-Jun-20,-,-,-,1137.22
NIFTY SME EMERGE,02-Jun-20,-,-,-,1127.35
NIFTY SME EMERGE,01-Jun-20,-,-,-,1119
NIFTY SME EMERGE,29-May-20,-,-,-,1111.39
NIFTY SME EMERGE,28-May-20,-,-,-,1103
NIFTY SME EMERGE,27-May-20,-,-,-,1096.9
NIFTY SME EMERGE,26-May-20,-,-,-,1090.39
NIFTY SME EMERGE,22-May-20,-,-,-,1095.6
NIFTY SME EMERGE,21-May-20,-,-,-,1095.14
NIFTY SME EMERGE,20-May-20,-,-,-,1089.24
NIFTY SME EMERGE,19-May-20,-,-,-,1090.06
NIFTY SME EMERGE,18-May-20,-,-,-,1084.65
NIFTY SME EMERGE,15-May-20,-,-,-,1092.14
NIFTY SME EMERGE,14-May-20,-,-,-,1091.91
NIFTY SME EMERGE,13-May-20,-,-,-,1093.15
NIFTY SME EMERGE,12-May-20,-,-,-,1092.34
NIFTY SME EMERGE,11-May-20,-,-,-,1091.19
NIFTY SME EMERGE,08-May-20,-,-,-,1091.71
NIFTY SME EMERGE,07-May-20,-,-,-,1094.98
NIFTY SME EMERGE,06-May-20,-,-,-,1094.39
NIFTY SME EMERGE,05-May-20,-,-,-,1095.8
NIFTY SME EMERGE,04-May-20,-,-,-,1102.56
NIFTY SME EMERGE,30-Apr-20,-,-,-,1103.18
NIFTY SME EMERGE,29-Apr-20,-,-,-,1096.49
NIFTY SME EMERGE,28-Apr-20,-,-,-,1095.94
NIFTY SME EMERGE,27-Apr-20,-,-,-,1096.32
NIFTY SME EMERGE,24-Apr-20,-,-,-,1089.24
NIFTY SME EMERGE,23-Apr-20,-,-,-,1088.12
NIFTY SME EMERGE,22-Apr-20,-,-,-,1084.04
NIFTY SME EMERGE,21-Apr-20,-,-,-,1088.42
NIFTY SME EMERGE,20-Apr-20,-,-,-,1088.57
NIFTY SME EMERGE,17-Apr-20,-,-,-,1085.29
NIFTY SME EMERGE,16-Apr-20,-,-,-,1088.27
NIFTY SME EMERGE,15-Apr-20,-,-,-,1084.82
NIFTY SME EMERGE,13-Apr-20,-,-,-,1080.67
NIFTY SME EMERGE,09-Apr-20,-,-,-,1077
NIFTY SME EMERGE,08-Apr-20,-,-,-,1076.02
NIFTY SME EMERGE,07-Apr-20,-,-,-,1073.75
NIFTY SME EMERGE,03-Apr-20,-,-,-,1057.12
NIFTY SME EMERGE,01-Apr-20,-,-,-,1058.24
NIFTY SME EMERGE,31-Mar-20,-,-,-,1060.42
NIFTY SME EMERGE,30-Mar-20,-,-,-,1057.38
NIFTY SME EMERGE,27-Mar-20,-,-,-,1051.5
NIFTY SME EMERGE,26-Mar-20,-,-,-,1046.95
NIFTY SME EMERGE,25-Mar-20,-,-,-,1048.96
NIFTY SME EMERGE,24-Mar-20,-,-,-,1059.09
NIFTY SME EMERGE,23-Mar-20,-,-,-,1065.35
NIFTY SME EMERGE,20-Mar-20,-,-,-,1102.02
NIFTY SME EMERGE,19-Mar-20,-,-,-,1106.47
NIFTY SME EMERGE,18-Mar-20,-,-,-,1127.7
NIFTY SME EMERGE,17-Mar-20,-,-,-,1166.58
NIFTY SME EMERGE,16-Mar-20,-,-,-,1159.32
NIFTY SME EMERGE,13-Mar-20,-,-,-,1193.67
NIFTY SME EMERGE,12-Mar-20,-,-,-,1204.49
NIFTY SME EMERGE,11-Mar-20,-,-,-,1253.52
NIFTY SME EMERGE,09-Mar-20,-,-,-,1262.99
NIFTY SME EMERGE,06-Mar-20,-,-,-,1276.62
NIFTY SME EMERGE,05-Mar-20,-,-,-,1290.29
NIFTY SME EMERGE,04-Mar-20,-,-,-,1293.49
NIFTY SME EMERGE,03-Mar-20,-,-,-,1309.81
NIFTY SME EMERGE,02-Mar-20,-,-,-,1304.99
NIFTY SME EMERGE,28-Feb-20,-,-,-,1309.79
NIFTY SME EMERGE,27-Feb-20,-,-,-,1330.76
NIFTY SME EMERGE,26-Feb-20,-,-,-,1344.54
NIFTY SME EMERGE,25-Feb-20,-,-,-,1349.36
NIFTY SME EMERGE,24-Feb-20,-,-,-,1346.2
NIFTY SME EMERGE,20-Feb-20,-,-,-,1353.47
NIFTY SME EMERGE,19-Feb-20,-,-,-,1354.21
NIFTY SME EMERGE,18-Feb-20,-,-,-,1360.86
NIFTY SME EMERGE,17-Feb-20,-,-,-,1370.95
NIFTY SME EMERGE,14-Feb-20,-,-,-,1366.17
NIFTY SME EMERGE,13-Feb-20,-,-,-,1365.89
NIFTY SME EMERGE,12-Feb-20,-,-,-,1356.77
NIFTY SME EMERGE,11-Feb-20,-,-,-,1348.93
NIFTY SME EMERGE,10-Feb-20,-,-,-,1322.74
NIFTY SME EMERGE,07-Feb-20,-,-,-,1335.82
NIFTY SME EMERGE,06-Feb-20,-,-,-,1338.87
NIFTY SME EMERGE,05-Feb-20,-,-,-,1341.44
NIFTY SME EMERGE,04-Feb-20,-,-,-,1339.61
NIFTY SME EMERGE,03-Feb-20,-,-,-,1342.97
NIFTY SME EMERGE,01-Feb-20,-,-,-,1340.75
NIFTY SME EMERGE,31-Jan-20,-,-,-,1344.34
NIFTY SME EMERGE,30-Jan-20,-,-,-,1347.22
NIFTY SME EMERGE,29-Jan-20,-,-,-,1354.33
NIFTY SME EMERGE,28-Jan-20,-,-,-,1349.78
NIFTY SME EMERGE,27-Jan-20,-,-,-,1352.77
NIFTY SME EMERGE,24-Jan-20,-,-,-,1347.36
NIFTY SME EMERGE,23-Jan-20,-,-,-,1343.31
NIFTY SME EMERGE,22-Jan-20,-,-,-,1342.05
NIFTY SME EMERGE,21-Jan-20,-,-,-,1339.38
NIFTY SME EMERGE,20-Jan-20,-,-,-,1348.1
NIFTY SME EMERGE,17-Jan-20,-,-,-,1347.55
NIFTY SME EMERGE,16-Jan-20,-,-,-,1335.41
NIFTY SME EMERGE,15-Jan-20,-,-,-,1331.45
NIFTY SME EMERGE,14-Jan-20,-,-,-,1328.72
NIFTY SME EMERGE,13-Jan-20,-,-,-,1323.5
NIFTY SME EMERGE,10-Jan-20,-,-,-,1328.05
NIFTY SME EMERGE,09-Jan-20,-,-,-,1321.42
NIFTY SME EMERGE,08-Jan-20,-,-,-,1321.08
NIFTY SME EMERGE,07-Jan-20,-,-,-,1322.27
NIFTY SME EMERGE,06-Jan-20,-,-,-,1325.17
NIFTY SME EMERGE,03-Jan-20,-,-,-,1331.15
NIFTY SME EMERGE,02-Jan-20,-,-,-,1332.74
NIFTY SME EMERGE,01-Jan-20,-,-,-,1340.49
NIFTY SME EMERGE,31-Dec-19,-,-,-,1345.7
NIFTY SME EMERGE,30-Dec-19,-,-,-,1339.51
NIFTY SME EMERGE,27-Dec-19,-,-,-,1334.12
NIFTY SME EMERGE,26-Dec-19,-,-,-,1329.17
NIFTY SME EMERGE,24-Dec-19,-,-,-,1322.27
NIFTY SME EMERGE,23-Dec-19,-,-,-,1322.37
NIFTY SME EMERGE,20-Dec-19,-,-,-,1327.27
NIFTY SME EMERGE,19-Dec-19,-,-,-,1325.58
NIFTY SME EMERGE,18-Dec-19,-,-,-,1311.3
NIFTY SME EMERGE,17-Dec-19,-,-,-,1320.52
NIFTY SME EMERGE,16-Dec-19,-,-,-,1328.67
NIFTY SME EMERGE,13-Dec-19,-,-,-,1333.34
NIFTY SME EMERGE,12-Dec-19,-,-,-,1324.95
NIFTY SME EMERGE,11-Dec-19,-,-,-,1318.61
NIFTY SME EMERGE,10-Dec-19,-,-,-,1320.18
NIFTY SME EMERGE,09-Dec-19,-,-,-,1322.25
NIFTY SME EMERGE,06-Dec-19,-,-,-,1322.63
NIFTY SME EMERGE,05-Dec-19,-,-,-,1322.54
NIFTY SME EMERGE,04-Dec-19,-,-,-,1327.41
NIFTY SME EMERGE,03-Dec-19,-,-,-,1335.81
NIFTY SME EMERGE,02-Dec-19,-,-,-,1337.26
NIFTY SME EMERGE,29-Nov-19,-,-,-,1333.26
NIFTY SME EMERGE,28-Nov-19,-,-,-,1338.58
NIFTY SME EMERGE,27-Nov-19,-,-,-,1342.93
NIFTY SME EMERGE,26-Nov-19,-,-,-,1350.6
NIFTY SME EMERGE,25-Nov-19,-,-,-,1357.79
NIFTY SME EMERGE,22-Nov-19,-,-,-,1363.41
NIFTY SME EMERGE,21-Nov-19,-,-,-,1362.71
NIFTY SME EMERGE,20-Nov-19,-,-,-,1362.21
NIFTY SME EMERGE,19-Nov-19,-,-,-,1367.22
NIFTY SME EMERGE,18-Nov-19,-,-,-,1364.23
NIFTY SME EMERGE,15-Nov-19,-,-,-,1361.67
NIFTY SME EMERGE,14-Nov-19,-,-,-,1362.03
NIFTY SME EMERGE,13-Nov-19,-,-,-,1365.8
NIFTY SME EMERGE,11-Nov-19,-,-,-,1366.65
NIFTY SME EMERGE,08-Nov-19,-,-,-,1373.22
NIFTY SME EMERGE,07-Nov-19,-,-,-,1375.68
NIFTY SME EMERGE,06-Nov-19,-,-,-,1377.46
NIFTY SME EMERGE,05-Nov-19,-,-,-,1381.57
NIFTY SME EMERGE,04-Nov-19,-,-,-,1373.48
NIFTY SME EMERGE,01-Nov-19,-,-,-,1371.71
NIFTY SME EMERGE,31-Oct-19,-,-,-,1370.76
NIFTY SME EMERGE,30-Oct-19,-,-,-,1368.88
NIFTY SME EMERGE,29-Oct-19,-,-,-,1368.72
NIFTY SME EMERGE,27-Oct-19,-,-,-,1362.6
NIFTY SME EMERGE,25-Oct-19,-,-,-,1354.15
NIFTY SME EMERGE,24-Oct-19,-,-,-,1348.65
NIFTY SME EMERGE,23-Oct-19,-,-,-,1350.39
NIFTY SME EMERGE,22-Oct-19,-,-,-,1345.24
NIFTY SME EMERGE,18-Oct-19,-,-,-,1336.68
NIFTY SME EMERGE,17-Oct-19,-,-,-,1337.31
NIFTY SME EMERGE,16-Oct-19,-,-,-,1331.52
NIFTY SME EMERGE,15-Oct-19,-,-,-,1344.82
NIFTY SME EMERGE,14-Oct-19,-,-,-,1345.9
NIFTY SME EMERGE,11-Oct-19,-,-,-,1343.89
NIFTY SME EMERGE,10-Oct-19,-,-,-,1341.5
NIFTY SME EMERGE,09-Oct-19,-,-,-,1341.16
NIFTY SME EMERGE,07-Oct-19,-,-,-,1344.73
NIFTY SME EMERGE,04-Oct-19,-,-,-,1349.39
NIFTY SME EMERGE,03-Oct-19,-,-,-,1352.44
NIFTY SME EMERGE,01-Oct-19,-,-,-,1358.53
NIFTY SME EMERGE,30-Sep-19,-,-,-,1362.95
NIFTY SME EMERGE,27-Sep-19,-,-,-,1357.7
NIFTY SME EMERGE,26-Sep-19,-,-,-,1369.23
NIFTY SME EMERGE,25-Sep-19,-,-,-,1358.01
NIFTY SME EMERGE,24-Sep-19,-,-,-,1367.59
NIFTY SME EMERGE,23-Sep-19,-,-,-,1366.5
NIFTY SME EMERGE,20-Sep-19,-,-,-,1358.91
NIFTY SME EMERGE,19-Sep-19,-,-,-,1344.48
NIFTY SME EMERGE,18-Sep-19,-,-,-,1350.81
NIFTY SME EMERGE,17-Sep-19,-,-,-,1353.25
NIFTY SME EMERGE,16-Sep-19,-,-,-,1353.26
NIFTY SME EMERGE,13-Sep-19,-,-,-,1344.7
NIFTY SME EMERGE,12-Sep-19,-,-,-,1339.43
NIFTY SME EMERGE,11-Sep-19,-,-,-,1339.41
NIFTY SME EMERGE,09-Sep-19,-,-,-,1333.48
NIFTY SME EMERGE,06-Sep-19,-,-,-,1327.34
NIFTY SME EMERGE,05-Sep-19,-,-,-,1329.73
NIFTY SME EMERGE,04-Sep-19,-,-,-,1334.49
NIFTY SME EMERGE,03-Sep-19,-,-,-,1336.62
NIFTY SME EMERGE,30-Aug-19,-,-,-,1346.97
NIFTY SME EMERGE,29-Aug-19,-,-,-,1339.51
NIFTY SME EMERGE,28-Aug-19,-,-,-,1351.25
NIFTY SME EMERGE,27-Aug-19,-,-,-,1359.77
NIFTY SME EMERGE,26-Aug-19,-,-,-,1353.72
NIFTY SME EMERGE,23-Aug-19,-,-,-,1357.63
NIFTY SME EMERGE,22-Aug-19,-,-,-,1358.19
NIFTY SME EMERGE,21-Aug-19,-,-,-,1356.25
NIFTY SME EMERGE,20-Aug-19,-,-,-,1364.94
NIFTY SME EMERGE,19-Aug-19,-,-,-,1365.01
NIFTY SME EMERGE,16-Aug-19,-,-,-,1369.62
NIFTY SME EMERGE,14-Aug-19,-,-,-,1372.08
NIFTY SME EMERGE,13-Aug-19,-,-,-,1364.21
NIFTY SME EMERGE,09-Aug-19,-,-,-,1365.24
NIFTY SME EMERGE,08-Aug-19,-,-,-,1361.63
NIFTY SME EMERGE,07-Aug-19,-,-,-,1357.07
NIFTY SME EMERGE,06-Aug-19,-,-,-,1359.49
NIFTY SME EMERGE,05-Aug-19,-,-,-,1351.49
NIFTY SME EMERGE,02-Aug-19,-,-,-,1372.65
NIFTY SME EMERGE,01-Aug-19,-,-,-,1374.97
NIFTY SME EMERGE,31-Jul-19,-,-,-,1389.43
NIFTY SME EMERGE,30-Jul-19,-,-,-,1406.77
NIFTY SME EMERGE,29-Jul-19,-,-,-,1425.31
NIFTY SME EMERGE,26-Jul-19,-,-,-,1423.39
NIFTY SME EMERGE,25-Jul-19,-,-,-,1425.33
NIFTY SME EMERGE,24-Jul-19,-,-,-,1418.58
NIFTY SME EMERGE,23-Jul-19,-,-,-,1427.57
NIFTY SME EMERGE,22-Jul-19,-,-,-,1425.58
NIFTY SME EMERGE,19-Jul-19,-,-,-,1420.2
NIFTY SME EMERGE,18-Jul-19,-,-,-,1434.78
NIFTY SME EMERGE,17-Jul-19,-,-,-,1446.61
NIFTY SME EMERGE,16-Jul-19,-,-,-,1463.72
NIFTY SME EMERGE,15-Jul-19,-,-,-,1449.94
NIFTY SME EMERGE,12-Jul-19,-,-,-,1454.94
NIFTY SME EMERGE,11-Jul-19,-,-,-,1452.68
NIFTY SME EMERGE,10-Jul-19,-,-,-,1456.1
NIFTY SME EMERGE,09-Jul-19,-,-,-,1460.7
NIFTY SME EMERGE,08-Jul-19,-,-,-,1453.73
NIFTY SME EMERGE,05-Jul-19,-,-,-,1472.61
NIFTY SME EMERGE,04-Jul-19,-,-,-,1479.34
NIFTY SME EMERGE,03-Jul-19,-,-,-,1482.97
NIFTY SME EMERGE,02-Jul-19,-,-,-,1480.18
NIFTY SME EMERGE,01-Jul-19,-,-,-,1470.11
NIFTY SME EMERGE,28-Jun-19,-,-,-,1467.08
NIFTY SME EMERGE,27-Jun-19,-,-,-,1458.84
NIFTY SME EMERGE,26-Jun-19,-,-,-,1459.33
NIFTY SME EMERGE,25-Jun-19,-,-,-,1465.83
NIFTY SME EMERGE,24-Jun-19,-,-,-,1461.75
NIFTY SME EMERGE,21-Jun-19,-,-,-,1463.68
NIFTY SME EMERGE,20-Jun-19,-,-,-,1464.72
NIFTY SME EMERGE,19-Jun-19,-,-,-,1467.83
NIFTY SME EMERGE,18-Jun-19,-,-,-,1480.44
NIFTY SME EMERGE,17-Jun-19,-,-,-,1488.87
NIFTY SME EMERGE,14-Jun-19,-,-,-,1495.37
NIFTY SME EMERGE,13-Jun-19,-,-,-,1494.32
NIFTY SME EMERGE,12-Jun-19,-,-,-,1505.3
NIFTY SME EMERGE,11-Jun-19,-,-,-,1511.11
NIFTY SME EMERGE,10-Jun-19,-,-,-,1507.48
NIFTY SME EMERGE,07-Jun-19,-,-,-,1505.34
NIFTY SME EMERGE,06-Jun-19,-,-,-,1508.94
NIFTY SME EMERGE,04-Jun-19,-,-,-,1507.64
NIFTY SME EMERGE,03-Jun-19,-,-,-,1512.74
NIFTY SME EMERGE,31-May-19,-,-,-,1506.75
NIFTY SME EMERGE,30-May-19,-,-,-,1502.75
NIFTY SME EMERGE,29-May-19,-,-,-,1501.31
NIFTY SME EMERGE,28-May-19,-,-,-,1504.97
NIFTY SME EMERGE,27-May-19,-,-,-,1499.69
NIFTY SME EMERGE,24-May-19,-,-,-,1482.45
NIFTY SME EMERGE,23-May-19,-,-,-,1477.43
NIFTY SME EMERGE,22-May-19,-,-,-,1479.56
NIFTY SME EMERGE,21-May-19,-,-,-,1489.68
NIFTY SME EMERGE,20-May-19,-,-,-,1490
NIFTY SME EMERGE,17-May-19,-,-,-,1477.19
NIFTY SME EMERGE,16-May-19,-,-,-,1481.9
NIFTY SME EMERGE,15-May-19,-,-,-,1481.47
NIFTY SME EMERGE,14-May-19,-,-,-,1489.63
NIFTY SME EMERGE,13-May-19,-,-,-,1491.37
NIFTY SME EMERGE,10-May-19,-,-,-,1503.54
NIFTY SME EMERGE,09-May-19,-,-,-,1502.6
NIFTY SME EMERGE,08-May-19,-,-,-,1496.28
NIFTY SME EMERGE,07-May-19,-,-,-,1501.02
NIFTY SME EMERGE,06-May-19,-,-,-,1501.65
NIFTY SME EMERGE,03-May-19,-,-,-,1508.52
NIFTY SME EMERGE,02-May-19,-,-,-,1508.35
NIFTY SME EMERGE,30-Apr-19,-,-,-,1507.13
NIFTY SME EMERGE,26-Apr-19,-,-,-,1522.97
NIFTY SME EMERGE,25-Apr-19,-,-,-,1521.29
NIFTY SME EMERGE,24-Apr-19,-,-,-,1523.97
NIFTY SME EMERGE,23-Apr-19,-,-,-,1523.67
NIFTY SME EMERGE,22-Apr-19,-,-,-,1528.11
NIFTY SME EMERGE,18-Apr-19,-,-,-,1533.52
NIFTY SME EMERGE,16-Apr-19,-,-,-,1540.72
NIFTY SME EMERGE,15-Apr-19,-,-,-,1531.92
NIFTY SME EMERGE,12-Apr-19,-,-,-,1532.02
NIFTY SME EMERGE,11-Apr-19,-,-,-,1536.78
NIFTY SME EMERGE,10-Apr-19,-,-,-,1530.88
NIFTY SME EMERGE,09-Apr-19,-,-,-,1528.57
NIFTY SME EMERGE,08-Apr-19,-,-,-,1526.14
NIFTY SME EMERGE,05-Apr-19,-,-,-,1541.92
NIFTY SME EMERGE,04-Apr-19,-,-,-,1537.41
NIFTY SME EMERGE,03-Apr-19,-,-,-,1526.51
NIFTY SME EMERGE,02-Apr-19,-,-,-,1521.89
NIFTY SME EMERGE,01-Apr-19,-,-,-,1518
NIFTY SME EMERGE,29-Mar-19,-,-,-,1504.88
NIFTY SME EMERGE,28-Mar-19,-,-,-,1500.91
NIFTY SME EMERGE,27-Mar-19,-,-,-,1494.02
NIFTY SME EMERGE,26-Mar-19,-,-,-,1503.44
NIFTY SME EMERGE,25-Mar-19,-,-,-,1507.74
NIFTY SME EMERGE,22-Mar-19,-,-,-,1514.83
NIFTY SME EMERGE,20-Mar-19,-,-,-,1514.21
NIFTY SME EMERGE,19-Mar-19,-,-,-,1515.45
NIFTY SME EMERGE,18-Mar-19,-,-,-,1511.34
NIFTY SME EMERGE,15-Mar-19,-,-,-,1512.38
NIFTY SME EMERGE,14-Mar-19,-,-,-,1514.15
NIFTY SME EMERGE,13-Mar-19,-,-,-,1512.86
NIFTY SME EMERGE,12-Mar-19,-,-,-,1514.71
NIFTY SME EMERGE,11-Mar-19,-,-,-,1501.91
NIFTY SME EMERGE,08-Mar-19,-,-,-,1490.39
NIFTY SME EMERGE,07-Mar-19,-,-,-,1483.96
NIFTY SME EMERGE,06-Mar-19,-,-,-,1478.69
NIFTY SME EMERGE,05-Mar-19,-,-,-,1465.16
NIFTY SME EMERGE,01-Mar-19,-,-,-,1465.43
NIFTY SME EMERGE,28-Feb-19,-,-,-,1466.79
NIFTY SME EMERGE,27-Feb-19,-,-,-,1468.85
NIFTY SME EMERGE,26-Feb-19,-,-,-,1464.37
NIFTY SME EMERGE,25-Feb-19,-,-,-,1468.69
NIFTY SME EMERGE,22-Feb-19,-,-,-,1464.61
NIFTY SME EMERGE,21-Feb-19,-,-,-,1463.46
NIFTY SME EMERGE,20-Feb-19,-,-,-,1461.14
NIFTY SME EMERGE,19-Feb-19,-,-,-,1456.47
NIFTY SME EMERGE,18-Feb-19,-,-,-,1455.77
NIFTY SME EMERGE,15-Feb-19,-,-,-,1452.89
NIFTY SME EMERGE,14-Feb-19,-,-,-,1463
NIFTY SME EMERGE,13-Feb-19,-,-,-,1468.36
NIFTY SME EMERGE,12-Feb-19,-,-,-,1469.68
NIFTY SME EMERGE,11-Feb-19,-,-,-,1479.08
NIFTY SME EMERGE,08-Feb-19,-,-,-,1487.45
NIFTY SME EMERGE,07-Feb-19,-,-,-,1481.83
NIFTY SME EMERGE,06-Feb-19,-,-,-,1480.6
NIFTY SME EMERGE,05-Feb-19,-,-,-,1492.98
NIFTY SME EMERGE,04-Feb-19,-,-,-,1500.21
NIFTY SME EMERGE,01-Feb-19,-,-,-,1501.37
NIFTY SME EMERGE,31-Jan-19,-,-,-,1502.52
NIFTY SME EMERGE,30-Jan-19,-,-,-,1499.02
NIFTY SME EMERGE,29-Jan-19,-,-,-,1499.99
NIFTY SME EMERGE,28-Jan-19,-,-,-,1504.28
NIFTY SME EMERGE,25-Jan-19,-,-,-,1508.72
NIFTY SME EMERGE,24-Jan-19,-,-,-,1506.43
NIFTY SME EMERGE,23-Jan-19,-,-,-,1515.85
NIFTY SME EMERGE,22-Jan-19,-,-,-,1515.45
NIFTY SME EMERGE,21-Jan-19,-,-,-,1521.74
NIFTY SME EMERGE,18-Jan-19,-,-,-,1522.2
NIFTY SME EMERGE,17-Jan-19,-,-,-,1531.09
NIFTY SME EMERGE,16-Jan-19,-,-,-,1536.03
NIFTY SME EMERGE,15-Jan-19,-,-,-,1528.19
NIFTY SME EMERGE,14-Jan-19,-,-,-,1519.37
NIFTY SME EMERGE,11-Jan-19,-,-,-,1519.85
NIFTY SME EMERGE,10-Jan-19,-,-,-,1521.32
NIFTY SME EMERGE,09-Jan-19,-,-,-,1523.69
NIFTY SME EMERGE,08-Jan-19,-,-,-,1519.47
NIFTY SME EMERGE,07-Jan-19,-,-,-,1515.67
NIFTY SME EMERGE,04-Jan-19,-,-,-,1512
NIFTY SME EMERGE,03-Jan-19,-,-,-,1517.78
NIFTY SME EMERGE,02-Jan-19,-,-,-,1530.52
NIFTY SME EMERGE,01-Jan-19,-,-,-,1535.26
NIFTY SME EMERGE,31-Dec-18,-,-,-,1542.09
NIFTY SME EMERGE,28-Dec-18,-,-,-,1541.96
NIFTY SME EMERGE,27-Dec-18,-,-,-,1543.77
NIFTY SME EMERGE,26-Dec-18,-,-,-,1542.04
NIFTY SME EMERGE,24-Dec-18,-,-,-,1543.08
NIFTY SME EMERGE,21-Dec-18,-,-,-,1552.74
NIFTY SME EMERGE,20-Dec-18,-,-,-,1553.5
NIFTY SME EMERGE,19-Dec-18,-,-,-,1551.03
NIFTY SME EMERGE,18-Dec-18,-,-,-,1537.17
NIFTY SME EMERGE,17-Dec-18,-,-,-,1523.56
NIFTY SME EMERGE,14-Dec-18,-,-,-,1516
NIFTY SME EMERGE,13-Dec-18,-,-,-,1514.13
NIFTY SME EMERGE,12-Dec-18,-,-,-,1509.59
NIFTY SME EMERGE,11-Dec-18,-,-,-,1495.13
NIFTY SME EMERGE,10-Dec-18,-,-,-,1489.84
NIFTY SME EMERGE,07-Dec-18,-,-,-,1498.98
NIFTY SME EMERGE,06-Dec-18,-,-,-,1512.03
NIFTY SME EMERGE,05-Dec-18,-,-,-,1512.82
NIFTY SME EMERGE,04-Dec-18,-,-,-,1511.6
NIFTY SME EMERGE,03-Dec-18,-,-,-,1521.43
NIFTY SME EMERGE,30-Nov-18,-,-,-,1523.47
NIFTY SME EMERGE,29-Nov-18,-,-,-,1534.36
NIFTY SME EMERGE,28-Nov-18,-,-,-,1533.39
NIFTY SME EMERGE,27-Nov-18,-,-,-,1539.5
NIFTY SME EMERGE,26-Nov-18,-,-,-,1541.46
NIFTY SME EMERGE,22-Nov-18,-,-,-,1539.89
NIFTY SME EMERGE,21-Nov-18,-,-,-,1536.01
NIFTY SME EMERGE,20-Nov-18,-,-,-,1527.94
NIFTY SME EMERGE,19-Nov-18,-,-,-,1535.47
NIFTY SME EMERGE,16-Nov-18,-,-,-,1545.26
NIFTY SME EMERGE,15-Nov-18,-,-,-,1543.66
NIFTY SME EMERGE,14-Nov-18,-,-,-,1539.73
NIFTY SME EMERGE,13-Nov-18,-,-,-,1534.26
NIFTY SME EMERGE,12-Nov-18,-,-,-,1534.31
NIFTY SME EMERGE,09-Nov-18,-,-,-,1540.13
NIFTY SME EMERGE,07-Nov-18,-,-,-,1533.39
NIFTY SME EMERGE,06-Nov-18,-,-,-,1522.95
NIFTY SME EMERGE,05-Nov-18,-,-,-,1502.43
NIFTY SME EMERGE,02-Nov-18,-,-,-,1485.44
NIFTY SME EMERGE,01-Nov-18,-,-,-,1457.74
NIFTY SME EMERGE,31-Oct-18,-,-,-,1446.55
NIFTY SME EMERGE,30-Oct-18,-,-,-,1440.94
NIFTY SME EMERGE,29-Oct-18,-,-,-,1438.6
NIFTY SME EMERGE,26-Oct-18,-,-,-,1430.15
NIFTY SME EMERGE,25-Oct-18,-,-,-,1440.12
NIFTY SME EMERGE,24-Oct-18,-,-,-,1449.99
NIFTY SME EMERGE,23-Oct-18,-,-,-,1453.79
NIFTY SME EMERGE,22-Oct-18,-,-,-,1459.7
NIFTY SME EMERGE,19-Oct-18,-,-,-,1470.29
NIFTY SME EMERGE,17-Oct-18,-,-,-,1482.56
NIFTY SME EMERGE,16-Oct-18,-,-,-,1493.19
NIFTY SME EMERGE,15-Oct-18,-,-,-,1490.14
NIFTY SME EMERGE,12-Oct-18,-,-,-,1485.22
NIFTY SME EMERGE,11-Oct-18,-,-,-,1459.53
NIFTY SME EMERGE,10-Oct-18,-,-,-,1474.29
NIFTY SME EMERGE,09-Oct-18,-,-,-,1456.34
NIFTY SME EMERGE,08-Oct-18,-,-,-,1468.45
NIFTY SME EMERGE,05-Oct-18,-,-,-,1480.73
NIFTY SME EMERGE,04-Oct-18,-,-,-,1504.96
NIFTY SME EMERGE,03-Oct-18,-,-,-,1524
NIFTY SME EMERGE,01-Oct-18,-,-,-,1525.53
NIFTY SME EMERGE,28-Sep-18,-,-,-,1564.85
NIFTY SME EMERGE,27-Sep-18,-,-,-,1590.65
NIFTY SME EMERGE,26-Sep-18,-,-,-,1593.25
NIFTY SME EMERGE,25-Sep-18,-,-,-,1602.92
NIFTY SME EMERGE,24-Sep-18,-,-,-,1616.62
NIFTY SME EMERGE,21-Sep-18,-,-,-,1494.81
NIFTY SME EMERGE,19-Sep-18,-,-,-,1515.15
NIFTY SME EMERGE,18-Sep-18,-,-,-,1515.24
NIFTY SME EMERGE,17-Sep-18,-,-,-,1514.68
NIFTY SME EMERGE,14-Sep-18,-,-,-,1508.59
NIFTY SME EMERGE,12-Sep-18,-,-,-,1504.13
NIFTY SME EMERGE,11-Sep-18,-,-,-,1506.44
NIFTY SME EMERGE,10-Sep-18,-,-,-,1531.55
NIFTY SME EMERGE,07-Sep-18,-,-,-,1551.4
NIFTY SME EMERGE,06-Sep-18,-,-,-,1556.12
NIFTY SME EMERGE,05-Sep-18,-,-,-,1539.49
NIFTY SME EMERGE,04-Sep-18,-,-,-,1573.54
NIFTY SME EMERGE,03-Sep-18,-,-,-,1624.99
NIFTY SME EMERGE,31-Aug-18,-,-,-,1629.59
NIFTY SME EMERGE,30-Aug-18,-,-,-,1629.27
NIFTY SME EMERGE,29-Aug-18,-,-,-,1644.81
NIFTY SME EMERGE,28-Aug-18,-,-,-,1641.8
NIFTY SME EMERGE,27-Aug-18,-,-,-,1643.17
NIFTY SME EMERGE,24-Aug-18,-,-,-,1652.28
NIFTY SME EMERGE,23-Aug-18,-,-,-,1647.59
NIFTY SME EMERGE,21-Aug-18,-,-,-,1646.51
NIFTY SME EMERGE,20-Aug-18,-,-,-,1652.9
NIFTY SME EMERGE,17-Aug-18,-,-,-,1667.45
NIFTY SME EMERGE,16-Aug-18,-,-,-,1671.23
NIFTY SME EMERGE,14-Aug-18,-,-,-,1631.83
NIFTY SME EMERGE,13-Aug-18,-,-,-,1651.53
NIFTY SME EMERGE,10-Aug-18,-,-,-,1676.44
NIFTY SME EMERGE,09-Aug-18,-,-,-,1697.32
NIFTY SME EMERGE,08-Aug-18,-,-,-,1689.24
NIFTY SME EMERGE,07-Aug-18,-,-,-,1690.02
NIFTY SME EMERGE,06-Aug-18,-,-,-,1706.81
NIFTY SME EMERGE,03-Aug-18,-,-,-,1710.46
NIFTY SME EMERGE,02-Aug-18,-,-,-,1699.65
NIFTY SME EMERGE,01-Aug-18,-,-,-,1682.79
NIFTY SME EMERGE,31-Jul-18,-,-,-,1660.62
NIFTY SME EMERGE,30-Jul-18,-,-,-,1637.25
NIFTY SME EMERGE,27-Jul-18,-,-,-,1618.08
NIFTY SME EMERGE,26-Jul-18,-,-,-,1625.81
NIFTY SME EMERGE,25-Jul-18,-,-,-,1615.93
NIFTY SME EMERGE,24-Jul-18,-,-,-,1602.19
NIFTY SME EMERGE,23-Jul-18,-,-,-,1633.26
NIFTY SME EMERGE,20-Jul-18,-,-,-,1669.91
NIFTY SME EMERGE,19-Jul-18,-,-,-,1671.09
NIFTY SME EMERGE,18-Jul-18,-,-,-,1681.36
NIFTY SME EMERGE,17-Jul-18,-,-,-,1690.72
NIFTY SME EMERGE,16-Jul-18,-,-,-,1688.24
NIFTY SME EMERGE,13-Jul-18,-,-,-,1700.79
NIFTY SME EMERGE,12-Jul-18,-,-,-,1708.62
NIFTY SME EMERGE,11-Jul-18,-,-,-,1717.99
NIFTY SME EMERGE,10-Jul-18,-,-,-,1726.53
NIFTY SME EMERGE,09-Jul-18,-,-,-,1698.88
NIFTY SME EMERGE,06-Jul-18,-,-,-,1669.39
NIFTY SME EMERGE,05-Jul-18,-,-,-,1667.84
NIFTY SME EMERGE,04-Jul-18,-,-,-,1667.47
NIFTY SME EMERGE,03-Jul-18,-,-,-,1668.06
NIFTY SME EMERGE,02-Jul-18,-,-,-,1667.97
NIFTY SME EMERGE,29-Jun-18,-,-,-,1692.78
NIFTY SME EMERGE,28-Jun-18,-,-,-,1686.79
NIFTY SME EMERGE,27-Jun-18,-,-,-,1694.63
NIFTY SME EMERGE,26-Jun-18,-,-,-,1708.54
NIFTY SME EMERGE,25-Jun-18,-,-,-,1704.57
NIFTY SME EMERGE,22-Jun-18,-,-,-,1694.8
NIFTY SME EMERGE,21-Jun-18,-,-,-,1690.34
NIFTY SME EMERGE,20-Jun-18,-,-,-,1692.17
NIFTY SME EMERGE,19-Jun-18,-,-,-,1687.63
NIFTY SME EMERGE,18-Jun-18,-,-,-,1692.7
NIFTY SME EMERGE,15-Jun-18,-,-,-,1685.68
NIFTY SME EMERGE,14-Jun-18,-,-,-,1689.98
NIFTY SME EMERGE,13-Jun-18,-,-,-,1691.45
NIFTY SME EMERGE,12-Jun-18,-,-,-,1687.46
NIFTY SME EMERGE,11-Jun-18,-,-,-,1677.27
NIFTY SME EMERGE,08-Jun-18,-,-,-,1686.01
NIFTY SME EMERGE,07-Jun-18,-,-,-,1676.74
NIFTY SME EMERGE,06-Jun-18,-,-,-,1658.03
NIFTY SME EMERGE,05-Jun-18,-,-,-,1652.69
NIFTY SME EMERGE,04-Jun-18,-,-,-,1678.16
NIFTY SME EMERGE,01-Jun-18,-,-,-,1696.73
NIFTY SME EMERGE,31-May-18,-,-,-,1725.09
NIFTY SME EMERGE,30-May-18,-,-,-,1727.23
NIFTY SME EMERGE,29-May-18,-,-,-,1729.45
NIFTY SME EMERGE,28-May-18,-,-,-,1730.72
NIFTY SME EMERGE,25-May-18,-,-,-,1720.46
NIFTY SME EMERGE,24-May-18,-,-,-,1724.61
NIFTY SME EMERGE,23-May-18,-,-,-,1708.35
NIFTY SME EMERGE,22-May-18,-,-,-,1712.21
NIFTY SME EMERGE,21-May-18,-,-,-,1714.86
NIFTY SME EMERGE,18-May-18,-,-,-,1732.11
NIFTY SME EMERGE,17-May-18,-,-,-,1741.1
NIFTY SME EMERGE,16-May-18,-,-,-,1744.95
NIFTY SME EMERGE,15-May-18,-,-,-,1746.15
NIFTY SME EMERGE,14-May-18,-,-,-,1746.8
NIFTY SME EMERGE,11-May-18,-,-,-,1755.51
NIFTY SME EMERGE,10-May-18,-,-,-,1760.14
NIFTY SME EMERGE,09-May-18,-,-,-,1772.45
NIFTY SME EMERGE,08-May-18,-,-,-,1769.83
NIFTY SME EMERGE,07-May-18,-,-,-,1764.31
NIFTY SME EMERGE,04-May-18,-,-,-,1746.18
NIFTY SME EMERGE,03-May-18,-,-,-,1745.48
NIFTY SME EMERGE,02-May-18,-,-,-,1751.25
NIFTY SME EMERGE,30-Apr-18,-,-,-,1755.01
NIFTY SME EMERGE,27-Apr-18,-,-,-,1753.01
NIFTY SME EMERGE,26-Apr-18,-,-,-,1751.98
NIFTY SME EMERGE,25-Apr-18,-,-,-,1749.32
NIFTY SME EMERGE,24-Apr-18,-,-,-,1757.94
NIFTY SME EMERGE,23-Apr-18,-,-,-,1755.28
NIFTY SME EMERGE,20-Apr-18,-,-,-,1749.24
NIFTY SME EMERGE,19-Apr-18,-,-,-,1742
NIFTY SME EMERGE,18-Apr-18,-,-,-,1725.54
NIFTY SME EMERGE,17-Apr-18,-,-,-,1709.62
NIFTY SME EMERGE,16-Apr-18,-,-,-,1703.37
NIFTY SME EMERGE,13-Apr-18,-,-,-,1701.2
NIFTY SME EMERGE,12-Apr-18,-,-,-,1690.05
NIFTY SME EMERGE,11-Apr-18,-,-,-,1685.96
NIFTY SME EMERGE,10-Apr-18,-,-,-,1691.74
NIFTY SME EMERGE,09-Apr-18,-,-,-,1690.26
NIFTY SME EMERGE,06-Apr-18,-,-,-,1683.69
NIFTY SME EMERGE,05-Apr-18,-,-,-,1687.31
NIFTY SME EMERGE,04-Apr-18,-,-,-,1666.53
NIFTY SME EMERGE,03-Apr-18,-,-,-,1667.28
NIFTY SME EMERGE,02-Apr-18,-,-,-,1656.33
NIFTY SME EMERGE,28-Mar-18,-,-,-,1640.53
NIFTY SME EMERGE,27-Mar-18,-,-,-,1627.31
NIFTY SME EMERGE,26-Mar-18,-,-,-,1604.39
NIFTY SME EMERGE,23-Mar-18,-,-,-,1613.93
NIFTY SME EMERGE,22-Mar-18,-,-,-,1640.75
NIFTY SME EMERGE,21-Mar-18,-,-,-,1640.92
NIFTY SME EMERGE,20-Mar-18,-,-,-,1629.05
NIFTY SME EMERGE,19-Mar-18,-,-,-,1629.69
NIFTY SME EMERGE,16-Mar-18,-,-,-,1646.83
NIFTY SME EMERGE,15-Mar-18,-,-,-,1662.97
NIFTY SME EMERGE,14-Mar-18,-,-,-,1665.01
NIFTY SME EMERGE,13-Mar-18,-,-,-,1667.76
NIFTY SME EMERGE,12-Mar-18,-,-,-,1658.83
NIFTY SME EMERGE,09-Mar-18,-,-,-,1652.96
NIFTY SME EMERGE,08-Mar-18,-,-,-,1656.03
NIFTY SME EMERGE,07-Mar-18,-,-,-,1678.32
NIFTY SME EMERGE,06-Mar-18,-,-,-,1701.49
NIFTY SME EMERGE,05-Mar-18,-,-,-,1707.21
NIFTY SME EMERGE,01-Mar-18,-,-,-,1714.43
NIFTY SME EMERGE,28-Feb-18,-,-,-,1706.69
NIFTY SME EMERGE,27-Feb-18,-,-,-,1710.19
NIFTY SME EMERGE,26-Feb-18,-,-,-,1713.6
NIFTY SME EMERGE,23-Feb-18,-,-,-,1711.58
NIFTY SME EMERGE,22-Feb-18,-,-,-,1698.02
NIFTY SME EMERGE,21-Feb-18,-,-,-,1705.98
NIFTY SME EMERGE,20-Feb-18,-,-,-,1717.66
NIFTY SME EMERGE,19-Feb-18,-,-,-,1720.87
NIFTY SME EMERGE,16-Feb-18,-,-,-,1741.16
NIFTY SME EMERGE,15-Feb-18,-,-,-,1745.76
NIFTY SME EMERGE,14-Feb-18,-,-,-,1754.11
NIFTY SME EMERGE,12-Feb-18,-,-,-,1755.3
NIFTY SME EMERGE,09-Feb-18,-,-,-,1739.83
NIFTY SME EMERGE,08-Feb-18,-,-,-,1723.36
NIFTY SME EMERGE,07-Feb-18,-,-,-,1709.56
NIFTY SME EMERGE,06-Feb-18,-,-,-,1674.15
NIFTY SME EMERGE,05-Feb-18,-,-,-,1723.3
NIFTY SME EMERGE,02-Feb-18,-,-,-,1739.95
NIFTY SME EMERGE,01-Feb-18,-,-,-,1814.2
NIFTY SME EMERGE,31-Jan-18,-,-,-,1816.1
NIFTY SME EMERGE,30-Jan-18,-,-,-,1829.08
NIFTY SME EMERGE,29-Jan-18,-,-,-,1847.17
NIFTY SME EMERGE,25-Jan-18,-,-,-,1857.63
NIFTY SME EMERGE,24-Jan-18,-,-,-,1853.62
NIFTY SME EMERGE,23-Jan-18,-,-,-,1864.79
NIFTY SME EMERGE,22-Jan-18,-,-,-,1852.41
NIFTY SME EMERGE,19-Jan-18,-,-,-,1842.3
NIFTY SME EMERGE,18-Jan-18,-,-,-,1834.75
NIFTY SME EMERGE,17-Jan-18,-,-,-,1849.73
NIFTY SME EMERGE,16-Jan-18,-,-,-,1845.21
NIFTY SME EMERGE,15-Jan-18,-,-,-,1872.58
NIFTY SME EMERGE,12-Jan-18,-,-,-,1868.51
NIFTY SME EMERGE,11-Jan-18,-,-,-,1860.77
NIFTY SME EMERGE,10-Jan-18,-,-,-,1859.78
NIFTY SME EMERGE,09-Jan-18,-,-,-,1850.56
NIFTY SME EMERGE,08-Jan-18,-,-,-,1860.23
NIFTY SME EMERGE,05-Jan-18,-,-,-,1872.45
NIFTY SME EMERGE,04-Jan-18,-,-,-,1868.33
NIFTY SME EMERGE,03-Jan-18,-,-,-,1861.28
NIFTY SME EMERGE,02-Jan-18,-,-,-,1853.09
NIFTY SME EMERGE,01-Jan-18,-,-,-,1847.13
NIFTY SME EMERGE,29-Dec-17,-,-,-,1819.47
NIFTY SME EMERGE,28-Dec-17,-,-,-,1817.54
NIFTY SME EMERGE,27-Dec-17,-,-,-,1803.94
NIFTY SME EMERGE,26-Dec-17,-,-,-,1795.95
NIFTY SME EMERGE,22-Dec-17,-,-,-,1754.78
NIFTY SME EMERGE,21-Dec-17,-,-,-,1733.03
NIFTY SME EMERGE,20-Dec-17,-,-,-,1714.93
NIFTY SME EMERGE,19-Dec-17,-,-,-,1675.07
NIFTY SME EMERGE,18-Dec-17,-,-,-,1644.8
NIFTY SME EMERGE,15-Dec-17,-,-,-,1622.25
NIFTY SME EMERGE,14-Dec-17,-,-,-,1612.95
NIFTY SME EMERGE,13-Dec-17,-,-,-,1610.89
NIFTY SME EMERGE,12-Dec-17,-,-,-,1594.83
NIFTY SME EMERGE,11-Dec-17,-,-,-,1571.37
NIFTY SME EMERGE,08-Dec-17,-,-,-,1569.81
NIFTY SME EMERGE,07-Dec-17,-,-,-,1557.68
NIFTY SME EMERGE,06-Dec-17,-,-,-,1551.07
NIFTY SME EMERGE,05-Dec-17,-,-,-,1554.35
NIFTY SME EMERGE,04-Dec-17,-,-,-,1552.81
NIFTY SME EMERGE,01-Dec-17,-,-,-,1532.4
NIFTY SME EMERGE,30-Nov-17,-,-,-,1512.75
NIFTY SME EMERGE,29-Nov-17,-,-,-,1495.14
NIFTY SME EMERGE,28-Nov-17,-,-,-,1479.1
NIFTY SME EMERGE,27-Nov-17,-,-,-,1474.56
NIFTY SME EMERGE,24-Nov-17,-,-,-,1463.57
NIFTY SME EMERGE,23-Nov-17,-,-,-,1450.65
NIFTY SME EMERGE,22-Nov-17,-,-,-,1451.61
NIFTY SME EMERGE,21-Nov-17,-,-,-,1441.62
NIFTY SME EMERGE,20-Nov-17,-,-,-,1422.7
NIFTY SME EMERGE,17-Nov-17,-,-,-,1411.22
NIFTY SME EMERGE,16-Nov-17,-,-,-,1399.34
NIFTY SME EMERGE,15-Nov-17,-,-,-,1390.1
NIFTY SME EMERGE,14-Nov-17,-,-,-,1393.7
NIFTY SME EMERGE,13-Nov-17,-,-,-,1392.98
NIFTY SME EMERGE,10-Nov-17,-,-,-,1399.08
NIFTY SME EMERGE,09-Nov-17,-,-,-,1404.95
NIFTY SME EMERGE,08-Nov-17,-,-,-,1398.1
NIFTY SME EMERGE,07-Nov-17,-,-,-,1414.72
NIFTY SME EMERGE,06-Nov-17,-,-,-,1416.51
NIFTY SME EMERGE,03-Nov-17,-,-,-,1413.06
NIFTY SME EMERGE,02-Nov-17,-,-,-,1404.72
NIFTY SME EMERGE,01-Nov-17,-,-,-,1397.74
NIFTY SME EMERGE,31-Oct-17,-,-,-,1361.04
NIFTY SME EMERGE,30-Oct-17,-,-,-,1347.41
NIFTY SME EMERGE,27-Oct-17,-,-,-,1318.39
NIFTY SME EMERGE,26-Oct-17,-,-,-,1313.61
NIFTY SME EMERGE,25-Oct-17,-,-,-,1312.13
NIFTY SME EMERGE,24-Oct-17,-,-,-,1298.47
NIFTY SME EMERGE,23-Oct-17,-,-,-,1300.61
NIFTY SME EMERGE,19-Oct-17,-,-,-,1311.05
NIFTY SME EMERGE,18-Oct-17,-,-,-,1302.09
NIFTY SME EMERGE,17-Oct-17,-,-,-,1290.4
NIFTY SME EMERGE,16-Oct-17,-,-,-,1274.08
NIFTY SME EMERGE,13-Oct-17,-,-,-,1274.1
NIFTY SME EMERGE,12-Oct-17,-,-,-,1264.1
NIFTY SME EMERGE,11-Oct-17,-,-,-,1253.01
NIFTY SME EMERGE,10-Oct-17,-,-,-,1253.62
NIFTY SME EMERGE,09-Oct-17,-,-,-,1244.11
NIFTY SME EMERGE,06-Oct-17,-,-,-,1246.55
NIFTY SME EMERGE,05-Oct-17,-,-,-,1245.39
NIFTY SME EMERGE,04-Oct-17,-,-,-,1248.43
NIFTY SME EMERGE,03-Oct-17,-,-,-,1248.67
NIFTY SME EMERGE,29-Sep-17,-,-,-,1254.83
NIFTY SME EMERGE,28-Sep-17,-,-,-,1233.33
NIFTY SME EMERGE,27-Sep-17,-,-,-,1239.25
NIFTY SME EMERGE,26-Sep-17,-,-,-,1249.68
NIFTY SME EMERGE,25-Sep-17,-,-,-,1247.7
NIFTY SME EMERGE,22-Sep-17,-,-,-,1262.67
NIFTY SME EMERGE,21-Sep-17,-,-,-,1257.35
NIFTY SME EMERGE,20-Sep-17,-,-,-,1241.87
NIFTY SME EMERGE,19-Sep-17,-,-,-,1230.52
NIFTY SME EMERGE,18-Sep-17,-,-,-,1236.37
NIFTY SME EMERGE,15-Sep-17,-,-,-,1227.63
NIFTY SME EMERGE,14-Sep-17,-,-,-,1218.14
NIFTY SME EMERGE,13-Sep-17,-,-,-,1226.38
NIFTY SME EMERGE,12-Sep-17,-,-,-,1234.4
NIFTY SME EMERGE,11-Sep-17,-,-,-,1237.3
NIFTY SME EMERGE,08-Sep-17,-,-,-,1228.55
NIFTY SME EMERGE,07-Sep-17,-,-,-,1226.01
NIFTY SME EMERGE,06-Sep-17,-,-,-,1219.87
NIFTY SME EMERGE,05-Sep-17,-,-,-,1212
NIFTY SME EMERGE,04-Sep-17,-,-,-,1207.05
NIFTY SME EMERGE,01-Sep-17,-,-,-,1213.07
NIFTY SME EMERGE,31-Aug-17,-,-,-,1206.49
NIFTY SME EMERGE,30-Aug-17,-,-,-,1195.17
NIFTY SME EMERGE,29-Aug-17,-,-,-,1187.73
NIFTY SME EMERGE,28-Aug-17,-,-,-,1196.15
NIFTY SME EMERGE,24-Aug-17,-,-,-,1187.53
NIFTY SME EMERGE,23-Aug-17,-,-,-,1187.54
NIFTY SME EMERGE,22-Aug-17,-,-,-,1172.18
NIFTY SME EMERGE,21-Aug-17,-,-,-,1174
NIFTY SME EMERGE,18-Aug-17,-,-,-,1177.39
NIFTY SME EMERGE,17-Aug-17,-,-,-,1177.93
NIFTY SME EMERGE,16-Aug-17,-,-,-,1173.54
NIFTY SME EMERGE,14-Aug-17,-,-,-,1175.83
NIFTY SME EMERGE,11-Aug-17,-,-,-,1158.8
NIFTY SME EMERGE,10-Aug-17,-,-,-,1168.68
NIFTY SME EMERGE,09-Aug-17,-,-,-,1191.26
NIFTY SME EMERGE,08-Aug-17,-,-,-,1203.7
NIFTY SME EMERGE,07-Aug-17,-,-,-,1206.46
NIFTY SME EMERGE,04-Aug-17,-,-,-,1193.66
NIFTY SME EMERGE,03-Aug-17,-,-,-,1194.8
NIFTY SME EMERGE,02-Aug-17,-,-,-,1192.21
NIFTY SME EMERGE,01-Aug-17,-,-,-,1192.12
NIFTY SME EMERGE,31-Jul-17,-,-,-,1198.75
NIFTY SME EMERGE,28-Jul-17,-,-,-,1197.55
NIFTY SME EMERGE,27-Jul-17,-,-,-,1204.03
NIFTY SME EMERGE,26-Jul-17,-,-,-,1195.67
NIFTY SME EMERGE,25-Jul-17,-,-,-,1188.44
NIFTY SME EMERGE,24-Jul-17,-,-,-,1184.93
NIFTY SME EMERGE,21-Jul-17,-,-,-,1176.5
NIFTY SME EMERGE,20-Jul-17,-,-,-,1172.96
NIFTY SME EMERGE,19-Jul-17,-,-,-,1171.86
NIFTY SME EMERGE,18-Jul-17,-,-,-,1182.62
NIFTY SME EMERGE,17-Jul-17,-,-,-,1187.74
NIFTY SME EMERGE,14-Jul-17,-,-,-,1179.5
NIFTY SME EMERGE,13-Jul-17,-,-,-,1176.28
NIFTY SME EMERGE,12-Jul-17,-,-,-,1161.38
NIFTY SME EMERGE,11-Jul-17,-,-,-,1158.36
NIFTY SME EMERGE,10-Jul-17,-,-,-,1164.71
NIFTY SME EMERGE,07-Jul-17,-,-,-,1168.63
NIFTY SME EMERGE,06-Jul-17,-,-,-,1162.93
NIFTY SME EMERGE,05-Jul-17,-,-,-,1160.26
NIFTY SME EMERGE,04-Jul-17,-,-,-,1164.31
NIFTY SME EMERGE,03-Jul-17,-,-,-,1167.97
NIFTY SME EMERGE,30-Jun-17,-,-,-,1165.83
NIFTY SME EMERGE,29-Jun-17,-,-,-,1168.67
NIFTY SME EMERGE,28-Jun-17,-,-,-,1167.69
NIFTY SME EMERGE,27-Jun-17,-,-,-,1159.36
NIFTY SME EMERGE,23-Jun-17,-,-,-,1146.24
NIFTY SME EMERGE,22-Jun-17,-,-,-,1157.56
NIFTY SME EMERGE,21-Jun-17,-,-,-,1157.57
NIFTY SME EMERGE,20-Jun-17,-,-,-,1132.13
NIFTY SME EMERGE,19-Jun-17,-,-,-,1125.44
NIFTY SME EMERGE,16-Jun-17,-,-,-,1125.87
NIFTY SME EMERGE,15-Jun-17,-,-,-,1124.65
NIFTY SME EMERGE,14-Jun-17,-,-,-,1127.35
NIFTY SME EMERGE,13-Jun-17,-,-,-,1103.05
NIFTY SME EMERGE,12-Jun-17,-,-,-,1098.25
NIFTY SME EMERGE,09-Jun-17,-,-,-,1131.33
NIFTY SME EMERGE,08-Jun-17,-,-,-,1123.68
NIFTY SME EMERGE,07-Jun-17,-,-,-,1119.18
NIFTY SME EMERGE,06-Jun-17,-,-,-,1112.73
NIFTY SME EMERGE,05-Jun-17,-,-,-,1096.41
NIFTY SME EMERGE,02-Jun-17,-,-,-,1097.51
NIFTY SME EMERGE,01-Jun-17,-,-,-,1096.42
NIFTY SME EMERGE,31-May-17,-,-,-,1088.15
NIFTY SME EMERGE,30-May-17,-,-,-,1074.55
NIFTY SME EMERGE,29-May-17,-,-,-,1079.05
NIFTY SME EMERGE,26-May-17,-,-,-,1075.97
NIFTY SME EMERGE,25-May-17,-,-,-,1092.09
NIFTY SME EMERGE,24-May-17,-,-,-,1094.98
NIFTY SME EMERGE,23-May-17,-,-,-,1107.7
NIFTY SME EMERGE,22-May-17,-,-,-,1121.97
NIFTY SME EMERGE,19-May-17,-,-,-,1116
NIFTY SME EMERGE,18-May-17,-,-,-,1119.49
NIFTY SME EMERGE,17-May-17,-,-,-,1117
NIFTY SME EMERGE,16-May-17,-,-,-,1100.93
NIFTY SME EMERGE,15-May-17,-,-,-,1090.57
NIFTY SME EMERGE,12-May-17,-,-,-,1094.95
NIFTY SME EMERGE,11-May-17,-,-,-,1098.91
NIFTY SME EMERGE,10-May-17,-,-,-,1095.34
NIFTY SME EMERGE,09-May-17,-,-,-,1087.38
NIFTY SME EMERGE,08-May-17,-,-,-,1083.77
NIFTY SME EMERGE,05-May-17,-,-,-,1102.89
NIFTY SME EMERGE,04-May-17,-,-,-,1103.79
NIFTY SME EMERGE,03-May-17,-,-,-,1105.98
NIFTY SME EMERGE,02-May-17,-,-,-,1114.53
NIFTY SME EMERGE,28-Apr-17,-,-,-,1114.98
NIFTY SME EMERGE,27-Apr-17,-,-,-,1118.4
NIFTY SME EMERGE,26-Apr-17,-,-,-,1113.48
NIFTY SME EMERGE,25-Apr-17,-,-,-,1117.65
NIFTY SME EMERGE,24-Apr-17,-,-,-,1116.3
NIFTY SME EMERGE,21-Apr-17,-,-,-,1109.74
NIFTY SME EMERGE,20-Apr-17,-,-,-,1109.26
NIFTY SME EMERGE,19-Apr-17,-,-,-,1107.87
NIFTY SME EMERGE,18-Apr-17,-,-,-,1119.8
NIFTY SME EMERGE,17-Apr-17,-,-,-,1119.66
NIFTY SME EMERGE,13-Apr-17,-,-,-,1134.07
NIFTY SME EMERGE,12-Apr-17,-,-,-,1133.29
NIFTY SME EMERGE,11-Apr-17,-,-,-,1122.09
NIFTY SME EMERGE,10-Apr-17,-,-,-,1135.95
NIFTY SME EMERGE,07-Apr-17,-,-,-,1129.79
NIFTY SME EMERGE,06-Apr-17,-,-,-,1123.13
NIFTY SME EMERGE,05-Apr-17,-,-,-,1101.33
NIFTY SME EMERGE,03-Apr-17,-,-,-,1073.32
NIFTY SME EMERGE,31-Mar-17,-,-,-,1068.46
NIFTY SME EMERGE,30-Mar-17,-,-,-,1056.08
NIFTY SME EMERGE,29-Mar-17,-,-,-,1079.97
NIFTY SME EMERGE,28-Mar-17,-,-,-,1082.73
NIFTY SME EMERGE,27-Mar-17,-,-,-,1087.78
NIFTY SME EMERGE,24-Mar-17,-,-,-,1084.77
NIFTY SME EMERGE,23-Mar-17,-,-,-,1071.58
NIFTY SME EMERGE,22-Mar-17,-,-,-,1067.56
NIFTY SME EMERGE,21-Mar-17,-,-,-,1078.14
NIFTY SME EMERGE,20-Mar-17,-,-,-,1090.8
NIFTY SME EMERGE,17-Mar-17,-,-,-,1102.82
NIFTY SME EMERGE,16-Mar-17,-,-,-,1102.61
NIFTY SME EMERGE,15-Mar-17,-,-,-,1104.2
NIFTY SME EMERGE,14-Mar-17,-,-,-,1115.68
NIFTY SME EMERGE,10-Mar-17,-,-,-,1134.52
NIFTY SME EMERGE,09-Mar-17,-,-,-,1136.8
NIFTY SME EMERGE,08-Mar-17,-,-,-,1140.05
NIFTY SME EMERGE,07-Mar-17,-,-,-,1130.84
NIFTY SME EMERGE,06-Mar-17,-,-,-,1131.31
NIFTY SME EMERGE,03-Mar-17,-,-,-,1120.75
NIFTY SME EMERGE,02-Mar-17,-,-,-,1137.1
NIFTY SME EMERGE,01-Mar-17,-,-,-,1146.98
NIFTY SME EMERGE,28-Feb-17,-,-,-,1132.5
NIFTY SME EMERGE,27-Feb-17,-,-,-,1142.66
NIFTY SME EMERGE,23-Feb-17,-,-,-,1148.57
NIFTY SME EMERGE,22-Feb-17,-,-,-,1156.35
NIFTY SME EMERGE,21-Feb-17,-,-,-,1168.05
NIFTY SME EMERGE,20-Feb-17,-,-,-,1165.7
NIFTY SME EMERGE,17-Feb-17,-,-,-,1188.14
NIFTY SME EMERGE,16-Feb-17,-,-,-,1179.63
NIFTY SME EMERGE,15-Feb-17,-,-,-,1181.94
NIFTY SME EMERGE,14-Feb-17,-,-,-,1182.5
NIFTY SME EMERGE,13-Feb-17,-,-,-,1190.47
NIFTY SME EMERGE,10-Feb-17,-,-,-,1192.18
NIFTY SME EMERGE,09-Feb-17,-,-,-,1208.82
NIFTY SME EMERGE,08-Feb-17,-,-,-,1189.22
NIFTY SME EMERGE,07-Feb-17,-,-,-,1185.81
NIFTY SME EMERGE,06-Feb-17,-,-,-,1177.82
NIFTY SME EMERGE,03-Feb-17,-,-,-,1171.35
NIFTY SME EMERGE,02-Feb-17,-,-,-,1156.59
NIFTY SME EMERGE,01-Feb-17,-,-,-,1154.86
NIFTY SME EMERGE,31-Jan-17,-,-,-,1153.17
NIFTY SME EMERGE,30-Jan-17,-,-,-,1149.76
NIFTY SME EMERGE,27-Jan-17,-,-,-,1163.66
NIFTY SME EMERGE,25-Jan-17,-,-,-,1165.86
NIFTY SME EMERGE,24-Jan-17,-,-,-,1165.63
NIFTY SME EMERGE,23-Jan-17,-,-,-,1176.4
NIFTY SME EMERGE,20-Jan-17,-,-,-,1153.83
NIFTY SME EMERGE,19-Jan-17,-,-,-,1127.56
NIFTY SME EMERGE,18-Jan-17,-,-,-,1127.8
NIFTY SME EMERGE,17-Jan-17,-,-,-,1120.91
NIFTY SME EMERGE,16-Jan-17,-,-,-,1107.39
NIFTY SME EMERGE,13-Jan-17,-,-,-,1089.6
NIFTY SME EMERGE,12-Jan-17,-,-,-,1096.46
NIFTY SME EMERGE,11-Jan-17,-,-,-,1093.6
NIFTY SME EMERGE,10-Jan-17,-,-,-,1089.2
NIFTY SME EMERGE,09-Jan-17,-,-,-,1092.75
NIFTY SME EMERGE,06-Jan-17,-,-,-,1101.66
NIFTY SME EMERGE,05-Jan-17,-,-,-,1101.01
NIFTY SME EMERGE,04-Jan-17,-,-,-,1097.73
NIFTY SME EMERGE,03-Jan-17,-,-,-,1090.92
NIFTY SME EMERGE,02-Jan-17,-,-,-,1088.26
NIFTY SME EMERGE,30-Dec-16,-,-,-,1074.64
NIFTY SME EMERGE,29-Dec-16,-,-,-,1059.45
NIFTY SME EMERGE,28-Dec-16,-,-,-,1050.78
NIFTY SME EMERGE,27-Dec-16,-,-,-,1045.45
NIFTY SME EMERGE,26-Dec-16,-,-,-,1041.36
NIFTY SME EMERGE,23-Dec-16,-,-,-,1057.73
NIFTY SME EMERGE,22-Dec-16,-,-,-,1058.64
NIFTY SME EMERGE,21-Dec-16,-,-,-,1069.12
NIFTY SME EMERGE,20-Dec-16,-,-,-,1032.1
NIFTY SME EMERGE,19-Dec-16,-,-,-,1028.18
NIFTY SME EMERGE,16-Dec-16,-,-,-,1047.43
NIFTY SME EMERGE,15-Dec-16,-,-,-,1040.72
NIFTY SME EMERGE,14-Dec-16,-,-,-,1031.43
NIFTY SME EMERGE,13-Dec-16,-,-,-,1020.26
NIFTY SME EMERGE,12-Dec-16,-,-,-,998.09
NIFTY SME EMERGE,09-Dec-16,-,-,-,993.4
NIFTY SME EMERGE,08-Dec-16,-,-,-,982.57
NIFTY SME EMERGE,07-Dec-16,-,-,-,975.89
NIFTY SME EMERGE,06-Dec-16,-,-,-,981.63
NIFTY SME EMERGE,05-Dec-16,-,-,-,984.78
NIFTY SME EMERGE,02-Dec-16,-,-,-,991.28
NIFTY SME EMERGE,01-Dec-16,-,-,-,1000
